node,t,dlmp_signal,spot_eur_mwh,adder_signal
8,0,49.36531518891764,31.0,18.36531518891764
8,1,40.80604548486923,31.0,9.80604548486923
8,2,40.40910650748972,31.0,9.409106507489717
8,3,40.81015481373203,31.0,9.810154813732026
8,4,32.39571033416463,30.94,1.4557103341646318
8,5,42.793800156625736,30.94,11.853800156625734
8,6,37.757139770021716,30.94,6.817139770021715
8,7,39.21517504476614,30.94,8.27517504476614
8,8,32.6355711744373,31.32,1.3155711744373022
8,9,32.63557117407854,31.32,1.315571174078542
8,10,32.63557117421979,31.32,1.3155711742197909
8,11,32.63557117386083,31.32,1.3155711738608318
8,12,39.646672461670086,29.03,10.616672461670085
8,13,37.50195726247616,29.03,8.47195726247616
8,14,30.48270918688354,29.03,1.4527091868835385
8,15,36.34381649761733,29.03,7.313816497617331
8,16,34.02894420734626,28.2,5.828944207346257
8,17,35.41917477239788,28.2,7.219174772397881
8,18,36.25121257857752,28.2,8.051212578577523
8,19,35.264597476596116,28.2,7.064597476596116
8,20,45.0825524312261,43.75,1.3325524312260981
8,21,45.082552476484494,43.75,1.3325524764844943
8,22,45.082552501673575,43.75,1.3325525016735753
8,23,45.082552519832454,43.75,1.3325525198324542
8,24,53.12255253585137,51.79,1.3325525358513701
8,25,53.1225525489017,51.79,1.3325525489017025
8,26,53.122552558774935,51.79,1.3325525587749354
8,27,53.12255256845344,51.79,1.332552568453444
8,28,53.732552577342844,52.4,1.3325525773428453
8,29,53.732552586179345,52.4,1.3325525861793466
8,30,53.732552593526606,52.4,1.3325525935266072
8,31,53.73255260026428,52.4,1.332552600264279
8,32,50.752552607752826,49.42,1.3325526077528238
8,33,50.75255261910694,49.42,1.3325526191069414
8,34,50.75394026932088,49.42,1.3339402693208768
8,35,50.75255261283169,49.42,1.332552612831691
8,36,50.71255262302594,49.38,1.33255262302594
8,37,50.71255261902221,49.38,1.3325526190222092
8,38,50.712552619092556,49.38,1.332552619092553
8,39,50.71255262850849,49.38,1.3325526285084877
8,40,47.712552616102016,46.38,1.3325526161020136
8,41,47.712552635847686,46.38,1.3325526358476836
8,42,47.71255262287087,46.38,1.332552622870864
8,43,47.71255262012693,46.38,1.3325526201269255
8,44,37.61255262040244,36.28,1.3325526204024385
8,45,37.61255275546613,36.28,1.332552755466132
8,46,37.61255261984155,36.28,1.3325526198415503
8,47,37.612552626489304,36.28,1.3325526264893028
8,48,36.9125526194933,35.58,1.332552619493299
8,49,36.90526979152754,35.58,1.325269791527539
8,50,36.91255262621965,35.58,1.3325526262196519
8,51,36.913943192114615,35.58,1.3339431921146172
8,52,36.55255262025269,35.22,1.3325526202526916
8,53,36.55255261448261,35.22,1.3325526144826085
8,54,36.55255261409827,35.22,1.3325526140982689
8,55,36.55255266585781,35.22,1.3325526658578113
8,56,36.40739536773004,34.92,1.4873953677300378
8,57,36.40775216635908,34.92,1.4877521663590798
8,58,38.03812488434704,34.92,3.11812488434704
8,59,50.32373373357689,34.92,15.403733733576885
8,60,93.18245763906195,34.76,58.42245763906195
8,61,64.6113465878777,34.76,29.851346587877707
8,62,50.96350604253851,34.76,16.203506042538514
8,63,106.16934961900637,34.76,71.40934961900638
8,64,47.721594897290835,40.47,7.251594897290836
8,65,46.91477978489917,40.47,6.444779784899168
8,66,61.546761705605846,40.47,21.076761705605847
8,67,46.30022452904718,40.47,5.830224529047179
8,68,58.17371338736421,48.01,10.163713387364211
8,69,54.09760281040137,48.01,6.087602810401371
8,70,54.42189513682256,48.01,6.411895136822565
8,71,83.5918712879091,48.01,35.5818712879091
8,72,56.09488978489996,51.61,4.484889784899963
8,73,65.70456682682162,51.61,14.09456682682162
8,74,74.47659370374569,51.61,22.866593703745693
8,75,56.943650599506434,51.61,5.333650599506434
8,76,50.174612584639306,47.16,3.014612584639309
8,77,52.382880052740916,47.16,5.222880052740919
8,78,57.48906963325981,47.16,10.329069633259813
8,79,53.926295181252065,47.16,6.766295181252069
8,80,38.462552613809315,37.13,1.3325526138093124
8,81,38.4625526179532,37.13,1.3325526179531977
8,82,38.46255260981784,37.13,1.3325526098178386
8,83,38.4625525980358,37.13,1.3325525980357966
8,84,39.027814365022074,34.69,4.337814365022076
8,85,40.37912150610416,34.69,5.689121506104165
8,86,36.02247692931299,34.69,1.332476929312989
8,87,36.0224886949768,34.69,1.332488694976803
8,88,33.132502490451415,31.8,1.3325024904514144
8,89,33.13251705863974,31.8,1.3325170586397412
8,90,33.13253190099534,31.8,1.3325319009953382
8,91,33.1325468023969,31.8,1.3325468023969016
8,92,52.84959234178534,26.21,26.639592341785338
8,93,53.49205175819021,26.21,27.282051758190207
8,94,87.85548298533658,26.21,61.64548298533658
8,95,59.28889664967829,26.21,33.07889664967829
10,0,49.35656547008871,31.0,18.35656547008871
10,1,40.791480221581494,31.0,9.791480221581494
10,2,40.39551614821763,31.0,9.39551614821763
10,3,40.7958526712878,31.0,9.795852671287797
10,4,32.39531576543068,30.94,1.4553157654306794
10,5,42.78140229789623,30.94,11.841402297896227
10,6,37.73986852315224,30.94,6.799868523152238
10,7,39.19738921284529,30.94,8.257389212845286
10,8,32.61814160130746,31.32,1.2981416013074565
10,9,32.61814160841018,31.32,1.2981416084101767
10,10,32.61814160863639,31.32,1.2981416086363922
10,11,32.61814160894255,31.32,1.2981416089425508
10,12,39.633164475462095,29.03,10.603164475462094
10,13,37.48220526195618,29.03,8.45220526195618
10,14,30.482636173379497,29.03,1.4526361733794957
10,15,36.325140719951655,29.03,7.295140719951654
10,16,34.01570552551654,28.2,5.815705525516538
10,17,35.3985297038525,28.2,7.198529703852504
10,18,36.23080506287515,28.2,8.03080506287515
10,19,35.24606555577208,28.2,7.046065555772078
10,20,45.06286145075653,43.75,1.3128614507565288
10,21,45.06286156021554,43.75,1.3128615602155378
10,22,45.06286160241299,43.75,1.3128616024129869
10,23,45.06286162779197,43.75,1.3128616277919676
10,24,53.10286165353132,51.79,1.3128616535313213
10,25,53.102861678237566,51.79,1.3128616782375673
10,26,53.10286169771511,51.79,1.312861697715114
10,27,53.10286171400955,51.79,1.31286171400955
10,28,53.712861718780665,52.4,1.3128617187806668
10,29,53.712861721603076,52.4,1.3128617216030776
10,30,53.71286172579992,52.4,1.3128617257999196
10,31,53.71286172997841,52.4,1.3128617299784082
10,32,50.732861734142915,49.42,1.3128617341429134
10,33,50.73286173788768,49.42,1.3128617378876797
10,34,50.73286174115347,49.42,1.312861741153469
10,35,50.73286174486447,49.42,1.3128617448644704
10,36,50.69286174807257,49.38,1.3128617480725708
10,37,50.69286175070287,49.38,1.312861750702865
10,38,50.69286175208923,49.38,1.3128617520892263
10,39,50.6928617536188,49.38,1.3128617536187974
10,40,47.69286175512306,46.38,1.312861755123059
10,41,47.69286175627548,46.38,1.312861756275474
10,42,47.69286175721006,46.38,1.312861757210058
10,43,47.69426136304036,46.38,1.3142613630403588
10,44,37.59425939448704,36.28,1.3142593944870384
10,45,37.59425354386359,36.28,1.314253543863586
10,46,37.594255004244204,36.28,1.3142550042442025
10,47,37.59286177034209,36.28,1.3128617703420886
10,48,36.892861760322766,35.58,1.3128617603227681
10,49,36.892861760630126,35.58,1.3128617606301276
10,50,36.892861760770806,35.58,1.312861760770808
10,51,36.89286176136234,35.58,1.312861761362342
10,52,36.532861761914695,35.22,1.3128617619146965
10,53,36.532861762170754,35.22,1.3128617621707548
10,54,36.53286176192109,35.22,1.3128617619210914
10,55,36.53286176194481,35.22,1.3128617619448093
10,56,36.23286176256404,34.92,1.3128617625640402
10,57,36.232861762282404,34.92,1.3128617622824024
10,58,37.798480940465254,34.92,2.878480940465252
10,59,50.316252495987726,34.92,15.396252495987724
10,60,93.22997233476336,34.76,58.46997233476336
10,61,64.6249275904685,34.76,29.864927590468504
10,62,50.96166215994256,34.76,16.201662159942565
10,63,106.21085141052905,34.76,71.45085141052905
10,64,47.70674934383896,40.47,7.236749343838959
10,65,46.9001855715728,40.47,6.4301855715728
10,66,61.543440272374454,40.47,21.073440272374455
10,67,46.28659469463407,40.47,5.81659469463407
10,68,58.165008186615694,48.01,10.155008186615696
10,69,54.08391374001293,48.01,6.073913740012934
10,70,54.411458747376585,48.01,6.401458747376587
10,71,83.60197224140539,48.01,35.591972241405394
10,72,56.08076776452553,51.61,4.470767764525533
10,73,65.70051277978355,51.61,14.090512779783552
10,74,74.48736354862879,51.61,22.877363548628793
10,75,56.93250421470568,51.61,5.322504214705681
10,76,50.15835703376807,47.16,2.998357033768073
10,77,52.37077454759808,47.16,5.210774547598085
10,78,60.463086752494405,47.16,13.303086752494409
10,79,53.91659649742641,47.16,6.756596497426415
10,80,38.44286175817103,37.13,1.3128617581710245
10,81,38.44286175431651,37.13,1.3128617543165078
10,82,38.442861750161704,37.13,1.3128617501617015
10,83,38.44286174176521,37.13,1.3128617417652109
10,84,39.29440297404538,34.69,4.604402974045385
10,85,40.37020180280584,34.69,5.68020180280584
10,86,36.002827896120124,34.69,1.312827896120126
10,87,36.00282789113624,34.69,1.3128278911362443
10,88,33.112844828056346,31.8,1.3128448280563454
10,89,33.11286247914257,31.8,1.31286247914257
10,90,33.11286247770399,31.8,1.312862477703991
10,91,33.112880273029,31.8,1.3128802730289983
10,92,52.8753864008612,26.21,26.665386400861202
10,93,53.49829874242197,26.21,27.288298742421972
10,94,87.94422932438371,26.21,61.73422932438371
10,95,59.31333778435821,26.21,33.10333778435821
11,0,49.44043126033341,31.0,18.440431260333412
11,1,40.86610338553682,31.0,9.866103385536817
11,2,40.46825869983616,31.0,9.468258699836163
11,3,40.868918863633354,31.0,9.868918863633354
11,4,32.41637316169416,30.94,1.476373161694159
11,5,42.85072347117199,30.94,11.910723471171988
11,6,37.810570572568366,30.94,6.870570572568365
11,7,39.27126303867786,30.94,8.331263038677857
11,8,32.68016154291607,31.32,1.3601615429160674
11,9,32.68016154216656,31.32,1.3601615421665585
11,10,32.680161543812844,31.32,1.3601615438128434
11,11,32.68016154366523,31.32,1.3601615436652281
11,12,39.700589484604414,29.03,10.670589484604413
11,13,37.5574752513687,29.03,8.527475251368699
11,14,30.50343123820747,29.03,1.4734312382074677
11,15,36.39847746881253,29.03,7.368477468812529
11,16,34.068434411752506,28.2,5.8684344117525065
11,17,35.47404994117329,28.2,7.274049941173292
11,18,36.30572583932512,28.2,8.105725839325121
11,19,35.32032294987246,28.2,7.120322949872463
11,20,45.13275086433177,43.75,1.3827508643317685
11,21,45.132750899585176,43.75,1.3827508995851758
11,22,45.13275092007415,43.75,1.3827509200741517
11,23,45.13275093502336,43.75,1.3827509350233598
11,24,53.172750948361625,51.79,1.3827509483616254
11,25,53.172750959306335,51.79,1.3827509593063354
11,26,53.17275096745286,51.79,1.3827509674528642
11,27,53.17275097558185,51.79,1.3827509755818497
11,28,53.78275098301707,52.4,1.3827509830170683
11,29,53.782750990552074,52.4,1.3827509905520756
11,30,53.78275099674785,52.4,1.382750996747852
11,31,53.78275100259424,52.4,1.3827510025942402
11,32,50.80275100947594,49.42,1.382751009475939
11,33,50.80275103091612,49.42,1.3827510309161184
11,34,50.80367884187911,49.42,1.3836788418791102
11,35,50.802751013206816,49.42,1.3827510132068142
11,36,50.76275103423986,49.38,1.3827510342398597
11,37,50.76275102158119,49.38,1.3827510215811856
11,38,50.76275102104242,49.38,1.3827510210424165
11,39,50.76275105913728,49.38,1.3827510591372771
11,40,47.76275101589214,46.38,1.38275101589214
11,41,47.762751251954775,46.38,1.3827512519547724
11,42,47.76275102696888,46.38,1.3827510269688759
11,43,47.76275102102057,46.38,1.3827510210205674
11,44,37.6627510212753,36.28,1.382751021275297
11,45,37.663707348025355,36.28,1.3837073480253537
11,46,37.66275102003949,36.28,1.3827510200394855
11,47,37.662751036544684,36.28,1.3827510365446827
11,48,36.96275101933338,35.58,1.3827510193333836
11,49,36.95605618738643,35.58,1.3760561873864319
11,50,36.962751035854566,35.58,1.382751035854568
11,51,36.96369331607322,35.58,1.38369331607322
11,52,36.73133595136077,35.22,1.5113359513607705
11,53,36.60275101229452,35.22,1.38275101229452
11,54,36.60275101152793,35.22,1.3827510115279296
11,55,36.73253428849962,35.22,1.512534288499623
11,56,36.43281466694755,34.92,1.5128146669475484
11,57,36.433113617393815,34.92,1.5131136173938131
11,58,38.076468243193446,34.92,3.1564682431934443
11,59,50.399117943566935,34.92,15.479117943566933
11,60,93.3710547460425,34.76,58.611054746042505
11,61,64.70185723842228,34.76,29.94185723842228
11,62,51.017525178485286,34.76,16.257525178485288
11,63,106.38192421459749,34.76,71.6219242145975
11,64,47.67547193342558,40.47,7.205471933425578
11,65,46.97448135540511,40.47,6.504481355405112
11,66,61.643705215648296,40.47,21.173705215648297
11,67,46.35698719868752,40.47,5.886987198687521
11,68,58.24067224338909,48.01,10.230672243389094
11,69,54.155155832642144,48.01,6.145155832642146
11,70,54.48142948002077,48.01,6.471429480020774
11,71,83.72414074939483,48.01,35.714140749394836
11,72,56.14950703362711,51.61,4.53950703362711
11,73,65.78273445304943,51.61,14.17273445304943
11,74,74.57573651732744,51.61,22.965736517327443
11,75,57.00072591996241,51.61,5.390725919962414
11,76,50.22801752038925,47.16,3.0680175203892546
11,77,52.46661664860883,47.16,5.306616648608831
11,78,57.77742574014488,47.16,10.617425740144881
11,79,54.058233232569414,47.16,6.898233232569417
11,80,38.51275101704242,37.13,1.3827510170424162
11,81,38.51275103279355,37.13,1.38275103279355
11,82,38.51275101499339,37.13,1.3827510149933886
11,83,38.51275100217058,37.13,1.3827510021705791
11,84,39.0827887118409,34.69,4.3927887118409
11,85,40.43731011646342,34.69,5.747310116463424
11,86,36.072754911480516,34.69,1.382754911480518
11,87,36.07275490770407,34.69,1.3827549077040757
11,88,33.182777970810406,31.8,1.3827779708104053
11,89,33.31850997217071,31.8,1.5185099721707083
11,90,33.18280072790078,31.8,1.3828007279007828
11,91,33.18280071228154,31.8,1.38280071228154
11,92,52.9395848255042,26.21,26.729584825504197
11,93,53.597765470999356,26.21,27.387765470999355
11,94,88.07212472051975,26.21,61.86212472051975
11,95,59.41332777666232,26.21,33.20332777666232
16,0,1322.040425452574,31.0,1291.040425452574
16,1,706.0961675984562,31.0,675.0961675984562
16,2,675.6429230629885,31.0,644.6429230629885
16,3,706.5716243941592,31.0,675.5716243941592
16,4,31.55564027949146,30.94,0.6156402794914584
16,5,862.4707594757765,30.94,831.5307594757764
16,6,475.6736740919104,30.94,444.7336740919104
16,7,588.3545412719525,30.94,557.4145412719524
16,8,81.52545668832843,31.32,50.20545668832843
16,9,81.5254566885222,31.32,50.2054566885222
16,10,81.52545668859506,31.32,50.205456688595056
16,11,81.5254566887601,31.32,50.2054566887601
16,12,766.8520853990666,29.03,737.8220853990666
16,13,602.0041914691282,29.03,572.9741914691282
16,14,29.64512376706663,29.03,0.6151237670666276
16,15,512.3281311650253,29.03,483.2981311650253
16,16,400.35507137056476,28.2,372.15507137056477
16,17,504.2925840980657,28.2,476.0925840980657
16,18,568.865408136543,28.2,540.665408136543
16,19,492.1022150170929,28.2,463.9022150170929
16,20,93.9554566882909,43.75,50.205456688290894
16,21,93.95545668803236,43.75,50.205456688032356
16,22,93.95545668789569,43.75,50.20545668789569
16,23,93.95545668720669,43.75,50.20545668720669
16,24,101.99545668449738,51.79,50.205456684497385
16,25,101.99545668709503,51.79,50.20545668709503
16,26,101.99545668677438,51.79,50.205456686774376
16,27,101.99545668663035,51.79,50.20545668663035
16,28,102.6054566864724,52.4,50.205456686472395
16,29,102.60545668491467,52.4,50.20545668491467
16,30,102.60545668578116,52.4,50.205456685781165
16,31,102.60545668604388,52.4,50.20545668604388
16,32,99.6254566860745,49.42,50.2054566860745
16,33,99.6254566858249,49.42,50.2054566858249
16,34,99.62545668561901,49.42,50.20545668561901
16,35,99.62545668544624,49.42,50.20545668544624
16,36,99.58545668529416,49.38,50.20545668529416
16,37,99.58545668525923,49.38,50.20545668525923
16,38,99.5854566851149,49.38,50.2054566851149
16,39,99.58545668516035,49.38,50.20545668516035
16,40,96.58545668481614,46.38,50.205456684816134
16,41,96.58545668474838,46.38,50.20545668474838
16,42,96.58545668479891,46.38,50.20545668479891
16,43,96.58545668486025,46.38,50.205456684860245
16,44,86.48545668463777,36.28,50.20545668463777
16,45,86.48545668458917,36.28,50.205456684589166
16,46,86.48545668444403,36.28,50.20545668444403
16,47,86.48545668409423,36.28,50.20545668409423
16,48,85.78545668428183,35.58,50.20545668428183
16,49,85.78545668422741,35.58,50.205456684227414
16,50,85.78545668405248,35.58,50.20545668405248
16,51,85.78545668372267,35.58,50.20545668372267
16,52,85.42545668409444,35.22,50.20545668409444
16,53,85.42545668313353,35.22,50.205456683133534
16,54,85.42545668163513,35.22,50.20545668163513
16,55,85.42545668295944,35.22,50.205456682959436
16,56,85.1254566833014,34.92,50.20545668330139
16,57,85.12545668198314,34.92,50.20545668198314
16,58,86.69254736193602,34.92,51.77254736193602
16,59,448.28307647168737,34.92,413.36307647168735
16,60,338.309442081696,34.76,303.549442081696
16,61,1170.9640120189142,34.76,1136.2040120189142
16,62,99.96938487658679,34.76,65.2093848765868
16,63,3594.5728474759885,34.76,3559.8128474759883
16,64,96.65860206519088,40.47,56.18860206519088
16,65,95.82173271908806,40.47,55.35173271908806
16,66,110.53988524688536,40.47,70.06988524688536
16,67,95.20059884504798,40.47,54.73059884504798
16,68,107.1065529931932,48.01,59.09655299319321
16,69,103.01595660712601,48.01,55.005956607126016
16,70,103.32831037119809,48.01,55.31831037119809
16,71,132.72917521024556,48.01,84.71917521024557
16,72,104.98478580399134,51.61,53.374785803991344
16,73,114.70439342667984,51.61,63.094393426679844
16,74,123.6106684915547,51.61,72.0006684915547
16,75,105.84971972312951,51.61,54.23971972312951
16,76,99.07188509337348,47.16,51.911885093373485
16,77,101.28576039606459,47.16,54.12576039606459
16,78,137.13908354500285,47.16,89.97908354500285
16,79,102.86483660898782,47.16,55.70483660898782
16,80,87.33545668934192,37.13,50.20545668934192
16,81,87.33545669019563,37.13,50.205456690195625
16,82,87.33545669112607,37.13,50.20545669112607
16,83,87.33545669200683,37.13,50.20545669200683
16,84,87.91556214415218,34.69,53.22556214415218
16,85,365.1165547063011,34.69,330.4265547063011
16,86,84.89545669555332,34.69,50.20545669555332
16,87,84.89545669752577,34.69,50.205456697525776
16,88,82.00545669937122,31.8,50.205456699371226
16,89,82.00545670156171,31.8,50.205456701561715
16,90,82.00545670396069,31.8,50.20545670396069
16,91,82.00545670688614,31.8,50.20545670688614
16,92,1926.2819638510027,26.21,1900.0719638510027
16,93,1903.44812336462,26.21,1877.23812336462
16,94,4045.5691572983465,26.21,4019.3591572983464
16,95,2277.547667781052,26.21,2251.337667781052
20,0,4076.7637807579063,31.0,4045.7637807579063
20,1,2138.471751677461,31.0,2107.471751677461
20,2,2042.7270878412558,31.0,2011.7270878412558
20,3,2140.1161373182476,31.0,2109.1161373182476
20,4,31.48531939975675,30.94,0.5453193997567496
20,5,2629.6164327539714,30.94,2598.6764327539713
20,6,1414.1274543856705,30.94,1383.1874543856704
20,7,1767.8368146218056,30.94,1736.8968146218056
20,8,175.90427042880415,31.32,144.58427042880416
20,9,175.90427042930372,31.32,144.58427042930373
20,10,175.9042704286485,31.32,144.5842704286485
20,11,175.90427042860017,31.32,144.58427042860018
20,12,2333.2034169953636,29.03,2304.1734169953634
20,13,1814.9310778683366,29.03,1785.9010778683366
20,14,29.57505535417402,29.03,0.5450553541740177
20,15,1532.8831436709504,29.03,1503.8531436709504
20,16,1183.0686718038828,28.2,1154.8686718038828
20,17,1509.5746951717474,28.2,1481.3746951717474
20,18,1712.5549329267992,28.2,1684.3549329267992
20,19,1471.1810572019951,28.2,1442.981057201995
20,20,188.33425168138305,43.75,144.58425168138305
20,21,188.33425167166268,43.75,144.58425167166268
20,22,188.33425166540343,43.75,144.58425166540343
20,23,188.3342516592968,43.75,144.5842516592968
20,24,196.37425165070104,51.79,144.58425165070105
20,25,196.37425165547577,51.79,144.58425165547578
20,26,196.3742516541357,51.79,144.5842516541357
20,27,196.37425165312746,51.79,144.58425165312747
20,28,196.98425165214408,52.4,144.58425165214408
20,29,196.98425164897287,52.4,144.58425164897287
20,30,196.98425164997565,52.4,144.58425164997564
20,31,196.98425164990613,52.4,144.58425164990612
20,32,194.00425164954885,49.42,144.58425164954883
20,33,194.00425164879533,49.42,144.58425164879532
20,34,194.0042516481152,49.42,144.58425164811518
20,35,194.00425164743382,49.42,144.5842516474338
20,36,193.9642516468549,49.38,144.5842516468549
20,37,193.96425164643074,49.38,144.58425164643074
20,38,193.96425164587322,49.38,144.58425164587322
20,39,193.96425164556155,49.38,144.58425164556155
20,40,190.96425164470477,46.38,144.58425164470478
20,41,190.96425164435377,46.38,144.58425164435377
20,42,190.96425164406918,46.38,144.58425164406918
20,43,190.96425164385082,46.38,144.58425164385082
20,44,180.8642516431809,36.28,144.5842516431809
20,45,180.86425164288008,36.28,144.58425164288008
20,46,180.86425164232224,36.28,144.58425164232224
20,47,180.86425164155168,36.28,144.58425164155167
20,48,180.1642516415373,35.58,144.58425164153732
20,49,180.16425164121733,35.58,144.58425164121735
20,50,180.16425164069335,35.58,144.58425164069337
20,51,180.16425163999907,35.58,144.58425163999908
20,52,179.8042516402467,35.22,144.5842516402467
20,53,179.80425163860085,35.22,144.58425163860085
20,54,179.80425163533684,35.22,144.58425163533684
20,55,179.80425163797116,35.22,144.58425163797116
20,56,179.5042516383221,34.92,144.5842516383221
20,57,179.5042516357354,34.92,144.58425163573537
20,58,181.10703969461446,34.92,146.18703969461444
20,59,1314.9706267756135,34.92,1280.0506267756134
20,60,900.1702635854359,34.76,865.4102635854359
20,61,3608.0570183042364,34.76,3573.297018304236
20,62,194.79257522374715,34.76,160.03257522374716
20,63,5238.912598131273,34.76,5204.1525981312725
20,64,191.3144848459119,40.47,150.8444848459119
20,65,190.3757504514381,40.47,149.9057504514381
20,66,205.60542664637651,40.47,165.13542664637652
20,67,189.71892644079392,40.47,149.24892644079392
20,68,201.82922770920516,48.01,153.81922770920517
20,69,197.59130923204478,48.01,149.5813092320448
20,70,197.89164061033014,48.01,149.88164061033015
20,71,228.60702658466866,48.01,180.59702658466867
20,72,199.45671590751994,51.61,147.84671590751992
20,73,209.64170658995556,51.61,158.03170658995555
20,74,219.19456961636723,51.61,167.58456961636722
20,75,200.38906310066614,51.61,148.77906310066612
20,76,193.53938621788657,47.16,146.37938621788658
20,77,195.82384653050534,47.16,148.66384653050534
20,78,293.46290789001876,47.16,246.30290789001876
20,79,197.52932818271978,47.16,150.36932818271978
20,80,181.71425164051985,37.13,144.58425164051985
20,81,181.71425164105472,37.13,144.58425164105472
20,82,181.71425164159854,37.13,144.58425164159854
20,83,181.71425164198712,37.13,144.58425164198712
20,84,182.37297804959522,34.69,147.68297804959522
20,85,1066.4668420702708,34.69,1031.7768420702707
20,86,179.2742516437935,34.69,144.5842516437935
20,87,179.27425164514634,34.69,144.58425164514634
20,88,176.38425164619514,31.8,144.58425164619513
20,89,176.3842516472066,31.8,144.5842516472066
20,90,176.3842516492946,31.8,144.5842516492946
20,91,176.3842798286994,31.8,144.58427982869938
20,92,6002.144067352955,26.21,5975.934067352955
20,93,5929.369696992097,26.21,5903.1596969920965
20,94,12775.55351881699,26.21,12749.343518816991
20,95,7121.536652058899,26.21,7095.326652058899
22,0,5007.135801820216,31.0,4976.135801820216
22,1,2629.77090726276,31.0,2598.77090726276
22,2,2512.414592843124,31.0,2481.414592843124
22,3,2631.8346461869874,31.0,2600.8346461869874
22,4,31.44300480091483,30.94,0.5030048009148302
22,5,3232.3738241018455,30.94,3201.4338241018454
22,6,1741.1083594319828,30.94,1710.1683594319827
22,7,2175.0613649042234,30.94,2144.1213649042234
22,8,221.65215256312314,31.32,190.33215256312315
22,9,221.65215256313905,31.32,190.33215256313906
22,10,221.6521525631579,31.32,190.3321525631579
22,11,221.65215256328813,31.32,190.33215256328813
22,12,2869.231494130998,29.03,2840.2014941309976
22,13,2233.1891915325923,29.03,2204.159191532592
22,14,29.53336095620942,29.03,0.5033609562094199
22,15,1887.1926647560363,29.03,1858.1626647560363
22,16,1458.2124456868978,28.2,1430.0124456868978
22,17,1858.6839255528469,28.2,1830.4839255528468
22,18,2107.7263270340936,28.2,2079.526327034094
22,19,1811.6156537829918,28.2,1783.4156537829917
22,20,234.0821329250101,43.75,190.3321329250101
22,21,234.08213291771145,43.75,190.33213291771145
22,22,234.0821329128082,43.75,190.3321329128082
22,23,234.0821329076373,43.75,190.3321329076373
22,24,242.12213289693386,51.79,190.33213289693387
22,25,242.12213290444208,51.79,190.3321329044421
22,26,242.12213290320472,51.79,190.33213290320472
22,27,242.12213290230983,51.79,190.33213290230984
22,28,242.73213290142587,52.4,190.33213290142587
22,29,242.7321328979336,52.4,190.3321328979336
22,30,242.7321328993482,52.4,190.33213289934818
22,31,242.73213289940642,52.4,190.33213289940642
22,32,239.75213289912256,49.42,190.33213289912254
22,33,239.75213289840366,49.42,190.33213289840364
22,34,239.75213289775905,49.42,190.33213289775904
22,35,239.7521328971132,49.42,190.33213289711318
22,36,239.71213289657436,49.38,190.33213289657436
22,37,239.7121328961393,49.38,190.3321328961393
22,38,239.7121328956285,49.38,190.33213289562852
22,39,239.71213289536595,49.38,190.33213289536596
22,40,236.71213289449688,46.38,190.33213289449688
22,41,236.71213289420206,46.38,190.33213289420206
22,42,236.71213289395862,46.38,190.33213289395863
22,43,236.71213289379247,46.38,190.33213289379248
22,44,226.61213289311368,36.28,190.33213289311368
22,45,226.61213289286715,36.28,190.33213289286715
22,46,226.61213289230702,36.28,190.33213289230702
22,47,226.61213289152408,36.28,190.33213289152408
22,48,225.91213289158054,35.58,190.33213289158056
22,49,225.91213289128427,35.58,190.3321328912843
22,50,225.91213289076006,35.58,190.33213289076008
22,51,225.91213289005253,35.58,190.33213289005255
22,52,225.5521328903746,35.22,190.3321328903746
22,53,225.55213288858351,35.22,190.33213288858352
22,54,225.55213288412966,35.22,190.33213288412966
22,55,225.5521328879685,35.22,190.3321328879685
22,56,225.25213288842582,34.92,190.3321328884258
22,57,225.25213288525305,34.92,190.33213288525303
22,58,226.85692015263493,34.92,191.9369201526349
22,59,1457.0611279086343,34.92,1422.1411279086342
22,60,9584.369715547675,34.76,9549.609715547675
22,61,4422.975394041127,34.76,4388.215394041127
22,62,240.5794378488936,34.76,205.8194378488936
22,63,4263.270531284815,34.76,4228.5105312848145
22,64,237.086684068519,40.47,196.616684068519
22,65,236.13832808350676,40.47,195.66832808350676
22,66,251.4019878875812,40.47,210.93198788758122
22,67,235.47923658328273,40.47,195.00923658328273
22,68,247.60603636825869,48.01,199.5960363682587
22,69,243.35789903219788,48.01,195.3478990321979
22,70,243.6574560136531,48.01,195.6474560136531
22,71,274.4576002861275,48.01,226.4476002861275
22,72,245.21378475617354,51.61,193.60378475617352
22,73,255.43874439322155,51.61,203.82874439322154
22,74,265.0466095528556,51.61,213.4366095528556
22,75,246.15371839906106,51.61,194.54371839906105
22,76,239.2951558536259,47.16,192.1351558536259
22,77,241.58846023323397,47.16,194.42846023323398
22,78,359.4474305813666,47.16,312.2874305813666
22,79,243.3066471964953,47.16,196.1466471964953
22,80,227.46213289190442,37.13,190.33213289190442
22,81,227.46213289271353,37.13,190.33213289271353
22,82,227.462132893583,37.13,190.332132893583
22,83,227.46213289434345,37.13,190.33213289434346
22,84,228.1303723564686,34.69,193.4403723564686
22,85,1313.1741822040788,34.69,1278.4841822040787
22,86,225.02218815189573,34.69,190.33218815189574
22,87,225.02220518106614,34.69,190.33220518106614
22,88,222.13222165755283,31.8,190.33222165755282
22,89,222.1322376452665,31.8,190.3322376452665
22,90,222.13223764512472,31.8,190.3322376451247
22,91,222.1322376448941,31.8,190.3322376448941
22,92,7371.502960286942,26.21,7345.292960286942
22,93,7280.445226113687,26.21,7254.235226113687
22,94,15671.957264678507,26.21,15645.747264678508
22,95,8741.74079907495,26.21,8715.530799074952
23,0,5950.784904170532,31.0,5919.784904170532
23,1,3131.187969915898,31.0,3100.187969915898
23,2,2992.201557559152,31.0,2961.201557559152
23,3,3133.684347995835,31.0,3102.684347995835
23,4,31.44410245286443,30.94,0.50410245286443
23,5,3845.312224890829,30.94,3814.372224890829
23,6,2077.9278118623574,30.94,2046.9878118623574
23,7,2592.2492774645493,30.94,2561.3092774645493
23,8,277.2306999844547,31.32,245.9106999844547
23,9,277.23069998439547,31.32,245.91069998439548
23,10,277.2306999851156,31.32,245.91069998511563
23,11,277.23069998355714,31.32,245.91069998355715
23,12,3415.3644114334306,29.03,3386.3344114334304
23,13,2661.4112628007647,29.03,2632.3812628007645
23,14,29.534612537903705,29.03,0.5046125379037036
23,15,2251.3830976294544,29.03,2222.353097629454
23,16,1742.9726312543157,28.2,1714.7726312543157
23,17,2217.6353611027434,28.2,2189.4353611027436
23,18,2512.8294161088684,28.2,2484.6294161088686
23,19,2162.0356833755386,28.2,2133.835683375539
23,20,289.66068095063804,43.75,245.91068095063804
23,21,289.6606809402804,43.75,245.91068094028037
23,22,289.66068093025467,43.75,245.91068093025467
23,23,289.6606809208775,43.75,245.9106809208775
23,24,297.70068090831563,51.79,245.91068090831564
23,25,297.7006808916493,51.79,245.91068089164932
23,26,297.70068087445975,51.79,245.91068087445976
23,27,297.7006808595222,51.79,245.91068085952222
23,28,298.31068085584303,52.4,245.91068085584303
23,29,298.3106808535773,52.4,245.9106808535773
23,30,298.3106808508691,52.4,245.9106808508691
23,31,298.3106808479562,52.4,245.91068084795617
23,32,295.3306808448681,49.42,245.91068084486807
23,33,295.33068084177376,49.42,245.91068084177374
23,34,295.3306808384954,49.42,245.9106808384954
23,35,295.33068083471215,49.42,245.91068083471214
23,36,295.2906808315156,49.38,245.9106808315156
23,37,295.29068082885186,49.38,245.91068082885187
23,38,295.29068082712627,49.38,245.91068082712627
23,39,295.2906808253725,49.38,245.91068082537248
23,40,292.29068082373624,46.38,245.91068082373624
23,41,292.29068082260767,46.38,245.91068082260767
23,42,292.29068082136024,46.38,245.91068082136024
23,43,292.2901911119628,46.38,245.91019111196283
23,44,282.19018512675154,36.28,245.91018512675154
23,45,282.19020045221083,36.28,245.91020045221083
23,46,282.19018534644414,36.28,245.91018534644414
23,47,282.1906808153852,36.28,245.91068081538518
23,48,281.49068081826357,35.58,245.9106808182636
23,49,281.49068081805825,35.58,245.91068081805827
23,50,281.49068081784304,35.58,245.91068081784306
23,51,281.4906808175537,35.58,245.91068081755373
23,52,281.130680817114,35.22,245.910680817114
23,53,281.13068081689426,35.22,245.91068081689426
23,54,281.1306808170959,35.22,245.91068081709588
23,55,281.13068081689084,35.22,245.91068081689085
23,56,280.83068081651487,34.92,245.91068081651485
23,57,280.8306808166171,34.92,245.91068081661706
23,58,282.43741817944425,34.92,247.51741817944423
23,59,1923.2516647836076,34.92,1888.3316647836075
23,60,12592.658608529073,34.76,12557.898608529073
23,61,5249.324309604999,34.76,5214.564309604999
23,62,296.1952219155893,34.76,261.4352219155893
23,63,13258.79762186888,34.76,13224.03762186888
23,64,292.689064289249,40.47,252.21906428924902
23,65,291.7314668493028,40.47,251.26146684930282
23,66,307.02853097210937,40.47,266.55853097210934
23,67,291.07006362178095,40.47,250.60006362178095
23,68,303.2129505265267,48.01,255.2029505265267
23,69,298.95462468807284,48.01,250.94462468807285
23,70,299.25370764482,48.01,251.24370764482
23,71,330.1374457918965,48.01,282.1274457918965
23,72,300.8014312743939,51.61,249.1914312743939
23,73,311.0653175847591,51.61,259.4553175847591
23,74,320.7265769193663,51.61,269.1165769193663
23,75,301.7487793102905,51.61,250.1387793102905
23,76,294.88488740626144,47.16,247.72488740626144
23,77,297.1835523762388,47.16,250.02355237623883
23,78,435.36553760014544,47.16,388.2055376001455
23,79,298.9138980088828,47.16,251.75389800888283
23,80,283.0406808174406,37.13,245.9106808174406
23,81,283.0406808184113,37.13,245.91068081841132
23,82,283.0406808190934,37.13,245.9106808190934
23,83,283.0406808198967,37.13,245.9106808198967
23,84,283.71828589898996,34.69,249.02828589898996
23,85,1570.3240969807432,34.69,1535.6340969807432
23,86,280.6006997461485,34.69,245.9106997461485
23,87,280.600699746396,34.69,245.910699746396
23,88,277.7107168701953,31.8,245.9107168701953
23,89,277.7107334036502,31.8,245.91073340365017
23,90,277.71074941136,31.8,245.91074941135997
23,91,277.7107649462723,31.8,245.9107649462723
23,92,8752.834409333529,26.21,8726.62440933353
23,93,8646.739037435309,26.21,8620.52903743531
23,94,18586.862584172395,26.21,18560.652584172396
23,95,10374.890317284031,26.21,10348.680317284032
24,0,5901.092825347987,31.0,5870.092825347987
24,1,3080.7640659975627,31.0,3049.7640659975627
24,2,2941.837537468415,31.0,2910.837537468415
24,3,3083.2225766542506,31.0,3052.2225766542506
24,4,31.443909692920425,30.94,0.5039096929204234
24,5,3794.830839537998,30.94,3763.890839537998
24,6,2027.3840719916834,30.94,1996.4440719916834
24,7,2541.830556014502,30.94,2510.8905560145017
24,8,226.5702843358958,31.32,195.2502843358958
24,9,226.57028433623262,31.32,195.25028433623262
24,10,226.57028433558986,31.32,195.25028433558987
24,11,226.57028433555712,31.32,195.25028433555713
24,12,3364.966218367168,29.03,3335.936218367168
24,13,2610.936836788058,29.03,2581.9068367880577
24,14,29.534439555646387,29.03,0.5044395556463854
24,15,2200.8875593192693,29.03,2171.857559319269
24,16,1692.3618870824669,28.2,1664.1618870824668
24,17,2167.0852827513945,28.2,2138.8852827513947
24,18,2462.402785644638,28.2,2434.202785644638
24,19,2111.447866105365,28.2,2083.247866105365
24,20,239.00026515281928,43.75,195.25026515281928
24,21,239.00026514892824,43.75,195.25026514892824
24,22,239.0002651462772,43.75,195.2502651462772
24,23,239.0002651429126,43.75,195.2502651429126
24,24,247.0402651061838,51.79,195.2502651061838
24,25,247.0402651412379,51.79,195.25026514123792
24,26,247.04026514042698,51.79,195.250265140427
24,27,247.0402651399372,51.79,195.2502651399372
24,28,247.6497795678996,52.4,195.2497795678996
24,29,247.65026513669778,52.4,195.25026513669778
24,30,247.65026513818518,52.4,195.25026513818517
24,31,247.64977862665677,52.4,195.24977862665676
24,32,244.66979002625158,49.42,195.24979002625156
24,33,244.66980071524904,49.42,195.24980071524902
24,34,244.66981318591996,49.42,195.24981318591995
24,35,244.6697759214032,49.42,195.24977592140317
24,36,244.62977783084423,49.38,195.24977783084424
24,37,244.62976289563176,49.38,195.24976289563176
24,38,244.6297739198198,49.38,195.2497739198198
24,39,244.6297581735599,49.38,195.2497581735599
24,40,241.62975627686112,46.38,195.24975627686112
24,41,241.62977984559637,46.38,195.24977984559638
24,42,241.62975808158976,46.38,195.24975808158976
24,43,241.62976164260158,46.38,195.24976164260158
24,44,231.52975572476143,36.28,195.24975572476143
24,45,231.52977056979543,36.28,195.24977056979543
24,46,231.53026513675053,36.28,195.25026513675053
24,47,231.52975728983327,36.28,195.24975728983327
24,48,230.83028344870706,35.58,195.25028344870708
24,49,230.8302834115592,35.58,195.25028341155922
24,50,230.83030087404654,35.58,195.25030087404656
24,51,230.83031798711477,35.58,195.25031798711478
24,52,230.47033483089245,35.22,195.25033483089246
24,53,230.47033482485628,35.22,195.25033482485628
24,54,35.727087583405584,35.22,0.5070875834055855
24,55,230.47033482568676,35.22,195.25033482568676
24,56,230.1703348266471,34.92,195.25033482664708
24,57,35.427023644499684,34.92,0.5070236444996823
24,58,231.776522579098,34.92,196.856522579098
24,59,2124.655690283055,34.92,2089.7356902830547
24,60,17061.17397389035,34.76,17026.41397389035
24,61,5204.852672859369,34.76,5170.092672859369
24,62,53.817476138247514,34.76,19.057476138247516
24,63,16548.94141550458,34.76,16514.181415504583
24,64,242.03504360676334,40.47,201.56504360676334
24,65,241.07298504000798,40.47,200.60298504000798
24,66,256.3768961300225,40.47,215.9068961300225
24,67,240.4116424785259,40.47,199.9416424785259
24,68,252.5589739814073,48.01,204.5489739814073
24,69,248.30016301575802,48.01,200.29016301575803
24,70,248.59615764187694,48.01,200.58615764187695
24,71,279.49228201655916,48.01,231.48228201655917
24,72,250.14225333537752,51.61,198.5322533353775
24,73,260.41730335922904,51.61,208.80730335922902
24,74,270.0955653810109,51.61,218.48556538101087
24,75,251.09171412406744,51.61,199.48171412406742
24,76,244.2266670266819,47.16,197.0666670266819
24,77,246.52597441298448,47.16,199.36597441298449
24,78,384.8851229046752,47.16,337.72512290467523
24,79,248.2623221399444,47.16,201.1023221399444
24,80,232.3803348323026,37.13,195.2503348323026
24,81,232.38033483471003,37.13,195.25033483471003
24,82,232.38033483828477,37.13,195.25033483828477
24,83,232.3803348446503,37.13,195.2503348446503
24,84,167.03543184707024,34.69,132.34543184707024
24,85,1454.2055667630939,34.69,1419.5155667630938
24,86,34.84375137215662,34.69,0.15375137215661994
24,87,34.80687516085581,34.69,0.11687516085581251
24,88,31.885246251158126,31.8,0.08524625115812512
24,89,31.855853954056833,31.8,0.05585395405683258
24,90,31.827542174599394,31.8,0.02754217459939312
24,91,31.827542179212504,31.8,0.027542179212503015
24,92,8511.087518121996,26.21,8484.877518121997
24,93,8404.747027381864,26.21,8378.537027381864
24,94,18357.482634502514,26.21,18331.272634502515
24,95,10134.073874616488,26.21,10107.863874616489
25,0,6905.608910729009,31.0,6874.608910729009
25,1,3646.227694081314,31.0,3615.227694081314
25,2,3485.39490888771,31.0,3454.39490888771
25,3,3649.1785111631198,31.0,3618.1785111631198
25,4,31.443779488074586,30.94,0.503779488074585
25,5,4471.951313940615,30.94,4441.011313940616
25,6,2428.926520793649,30.94,2397.986520793649
25,7,3023.2561407831677,30.94,2992.3161407831676
25,8,347.24849346482046,31.32,315.92849346482046
25,9,347.2484934652476,31.32,315.9284934652476
25,10,347.2484934644138,31.32,315.9284934644138
25,11,347.2484934644778,31.32,315.9284934644778
25,12,3975.0632454517518,29.03,3946.0332454517516
25,13,3103.7509107642695,29.03,3074.7209107642693
25,14,29.53434684361953,29.03,0.5043468436195297
25,15,2629.727712312363,29.03,2600.697712312363
25,16,2042.1861050737236,28.2,2013.9861050737236
25,17,2591.0382853176484,28.2,2562.8382853176486
25,18,2932.0967800009153,28.2,2903.8967800009154
25,19,2526.456667547756,28.2,2498.256667547756
25,20,359.6784744058215,43.75,315.9284744058215
25,21,359.6784743950064,43.75,315.9284743950064
25,22,359.6784743852691,43.75,315.9284743852691
25,23,359.67847437607156,43.75,315.92847437607156
25,24,367.71847436553554,51.79,315.9284743655355
25,25,367.71847435542617,51.79,315.92847435542615
25,26,367.71847434718944,51.79,315.9284743471894
25,27,367.7184743371491,51.79,315.92847433714905
25,28,368.32847432564995,52.4,315.92847432565
25,29,368.32800178832827,52.4,315.9280017883283
25,30,368.3279926934401,52.4,315.9279926934401
25,31,368.3279898753244,52.4,315.92798987532444
25,32,365.34847430834117,49.42,315.92847430834115
25,33,365.3484743065938,49.42,315.9284743065938
25,34,365.34847430114013,49.42,315.9284743011401
25,35,365.3479870678267,49.42,315.9279870678267
25,36,365.3079889011307,49.38,315.92798890113073
25,37,365.3079736307308,49.38,315.92797363073083
25,38,365.30798506485735,49.38,315.92798506485735
25,39,365.3079695436217,49.38,315.9279695436217
25,40,362.30796771889936,46.38,315.92796771889937
25,41,362.30799092527604,46.38,315.92799092527605
25,42,362.30796947436846,46.38,315.92796947436847
25,43,362.30797241797256,46.38,315.92797241797257
25,44,352.20796721589227,36.28,315.9279672158923
25,45,352.2084743063335,36.28,315.92847430633356
25,46,352.20796723694366,36.28,315.9279672369437
25,47,352.2079687953609,36.28,315.9279687953609
25,48,351.5084743110283,35.58,315.9284743110283
25,49,351.5084743073712,35.58,315.92847430737123
25,50,351.5084742940844,35.58,315.9284742940844
25,51,351.50847430791544,35.58,315.92847430791545
25,52,351.148474309682,35.22,315.928474309682
25,53,351.14847431100964,35.22,315.9284743110096
25,54,35.72707669350061,35.22,0.5070766935006077
25,55,35.7269931095683,35.22,0.5069931095682989
25,56,35.42703793648648,34.92,0.5070379364864763
25,57,35.42700622727895,34.92,0.50700622727895
25,58,37.26122265737202,34.92,2.341222657372022
25,59,1994.4860336931577,34.92,1959.5660336931576
25,60,14956.06455655725,34.76,14921.30455655725
25,61,6083.234995450065,34.76,6048.474995450065
25,62,53.811378636404875,34.76,19.051378636404877
25,63,19148.721422648618,34.76,19113.96142264862
25,64,362.7063856971538,40.47,322.23638569715376
25,65,361.7593655500249,40.47,321.28936555002485
25,66,377.07635390648943,40.47,336.6063539064894
25,67,361.09540396842146,40.47,320.62540396842144
25,68,373.24699065579136,48.01,325.2369906557914
25,69,368.98171963395595,48.01,320.97171963395596
25,70,369.28202925041995,48.01,321.27202925041996
25,71,400.2226040464015,48.01,352.2126040464015
25,72,370.8246890089992,51.61,319.2146890089992
25,73,381.11042277723715,51.61,329.50042277723713
25,74,390.79825615730806,51.61,339.18825615730805
25,75,371.77579039078495,51.61,320.16579039078493
25,76,364.90622001182135,47.16,317.7462200118214
25,77,367.202620524242,47.16,320.042620524242
25,78,525.4164076155781,47.16,478.25640761557815
25,79,368.9323939052314,47.16,321.7723939052314
25,80,353.05847430587556,37.13,315.92847430587557
25,81,353.0584743034145,37.13,315.92847430341453
25,82,353.058474306206,37.13,315.928474306206
25,83,353.05847430841686,37.13,315.92847430841687
25,84,353.74077149004626,34.69,319.05077149004626
25,85,1840.650737551976,34.69,1805.9607375519759
25,86,350.61853094969337,34.69,315.92853094969337
25,87,350.6185309452752,34.69,315.9285309452752
25,88,32.3066911828223,31.8,0.5066911828222977
25,89,347.72854856630266,31.8,315.92854856630265
25,90,347.7285485693886,31.8,315.92854856938857
25,91,347.7285485680837,31.8,315.92854856808367
25,92,10140.966989977383,26.21,10114.756989977384
25,93,10019.203329692455,26.21,9992.993329692456
25,94,21494.04518493538,26.21,21467.835184935382
25,95,12015.009570513661,26.21,11988.799570513662
28,0,52.357209443776874,31.0,21.357209443776874
28,1,42.24631094422064,31.0,11.246310944220639
28,2,41.752482129968044,31.0,10.752482129968044
28,3,42.25407677654344,31.0,11.254076776543442
28,4,31.283109703602452,30.94,0.3431097036024511
28,5,44.69555243494891,30.94,13.755552434948907
28,6,38.30053486418414,30.94,7.360534864184135
28,7,40.22963048718643,30.94,9.289630487186425
28,8,32.76803728927263,31.32,1.4480372892726265
28,9,32.76803728793583,31.32,1.4480372879358328
28,10,32.768037290138885,31.32,1.4480372901388847
28,11,32.76803729040779,31.32,1.4480372904077896
28,12,41.290352607158795,29.03,12.260352607158794
28,13,38.568978291406154,29.03,9.538978291406153
28,14,29.36584738215371,29.03,0.3358473821537089
28,15,37.04985134826886,29.03,8.019851348268858
28,16,34.27939601165998,28.2,6.079396011659984
28,17,36.08637377151531,28.2,7.886373771515313
28,18,37.19130431265149,28.2,8.99130431265149
28,19,35.88676114116182,28.2,7.686761141161821
28,20,45.214695032446095,43.75,1.4646950324460946
28,21,45.21469697673942,43.75,1.4646969767394182
28,22,45.214697347118346,43.75,1.4646973471183458
28,23,45.21469755902881,43.75,1.4646975590288065
28,24,53.2546976292493,51.79,1.4646976292493008
28,25,53.25469762737781,51.79,1.4646976273778094
28,26,53.26159294623442,51.79,1.4715929462344235
28,27,53.26159040439195,51.79,1.4715904043919537
28,28,53.87157567429161,52.4,1.4715756742916142
28,29,53.86469764936851,52.4,1.4646976493685102
28,30,53.87154436134844,52.4,1.4715443613484425
28,31,53.87152853581982,52.4,1.4715285358198216
28,32,50.891516994377355,49.42,1.4715169943773532
28,33,50.891503898701345,49.42,1.471503898701343
28,34,50.8914933378702,49.42,1.4714933378702
28,35,50.891479101977204,49.42,1.4714791019772022
28,36,50.85147124238583,49.38,1.4714712423858245
28,37,50.85146590523644,49.38,1.4714659052364354
28,38,50.851463434964984,49.38,1.4714634349649813
28,39,50.85146399960452,49.38,1.4714639996045165
28,40,47.851468635790354,46.38,1.4714686357903517
28,41,47.85147590385064,46.38,1.4714759038506386
28,42,47.85148658931382,46.38,1.4714865893138196
28,43,47.85152531069512,46.38,1.471525310695121
28,44,37.75154003216876,36.28,1.471540032168761
28,45,37.74469770674571,36.28,1.46469770674571
28,46,37.74470947621775,36.28,1.4647094762177488
28,47,37.744721099098,36.28,1.464721099098
28,48,37.044732497660924,35.58,1.4647324976609255
28,49,37.04473250500705,35.58,1.4647325050070492
28,50,37.0447325027891,35.58,1.4647325027891043
28,51,37.05139949254136,35.58,1.4713994925413587
28,52,36.68474107529896,35.22,1.46474107529896
28,53,36.68474956465675,35.22,1.4647495646567492
28,54,35.55798851292932,35.22,0.3379885129293214
28,55,36.691258891099935,35.22,1.4712588910999358
28,56,36.38476623743637,34.92,1.4647662374363648
28,57,35.26551944366861,34.92,0.3455194436686071
28,58,37.939027521354795,34.92,3.0190275213547935
28,59,51.23707473359856,34.92,16.31707473359856
28,60,100.48907146144012,34.76,65.72907146144013
28,61,67.24177577271729,34.76,32.48177577271729
28,62,51.12672316012202,34.76,16.36672316012202
28,63,114.37592397230424,34.76,79.61592397230424
28,64,47.86311504307487,40.47,7.3931150430748716
28,65,47.05200148697576,40.47,6.582001486975763
28,66,61.6792632163082,40.47,21.2092632163082
28,67,46.444303077973615,40.47,5.974303077973616
28,68,58.32683375676061,48.01,10.316833756760609
28,69,54.24529742867736,48.01,6.235297428677363
28,70,54.57362089087161,48.01,6.563620890871611
28,71,83.75318011294769,48.01,35.74318011294769
28,72,56.23959077006728,51.61,4.629590770067281
28,73,65.86733872784765,51.61,14.257338727847653
28,74,74.68752097680513,51.61,23.077520976805133
28,75,57.09749181730405,51.61,5.487491817304054
28,76,50.3179218326236,47.16,3.1579218326236003
28,77,52.531754378578945,47.16,5.371754378578949
28,78,60.73524541443417,47.16,13.575245414434171
28,79,54.085745360557205,47.16,6.925745360557208
28,80,38.59476597702194,37.13,1.4647659770219406
28,81,38.59476595948024,37.13,1.4647659594802391
28,82,38.59476593065317,37.13,1.464765930653165
28,83,38.59476586767861,37.13,1.464765867678608
28,84,39.17848848342175,34.69,4.488488483421754
28,85,41.18349564024035,34.69,6.493495640240354
28,86,36.15471088443065,34.69,1.4647108844306516
28,87,36.15471078986949,34.69,1.4647107898694927
28,88,33.264713215217554,31.8,1.4647132152175537
28,89,33.264713180825055,31.8,1.4647131808250542
28,90,33.264713143681576,31.8,1.4647131436815748
28,91,33.264713054711144,31.8,1.4647130547111438
28,92,57.35672606902644,26.21,31.146726069026442
28,93,57.86729731484657,26.21,31.657297314846566
28,94,97.33839209349014,26.21,71.12839209349013
28,95,64.56822071831354,26.21,38.35822071831354
31,0,52.138391907108556,31.0,21.138391907108556
31,1,42.043323415687034,31.0,11.043323415687034
31,2,41.55913533731871,31.0,10.559135337318708
31,3,42.0510886344489,31.0,11.051088634448902
31,4,31.198220437559765,30.94,0.2582204375597641
31,5,44.469881806647734,30.94,13.529881806647733
31,6,38.164860393299975,30.94,7.2248603932999735
31,7,40.056293370495396,30.94,9.116293370495395
31,8,32.51389123630844,31.32,1.1938912363084384
31,9,32.51389123683149,31.32,1.1938912368314902
31,10,32.51389122595113,31.32,1.193891225951127
31,11,32.51389123790557,31.32,1.193891237905568
31,12,41.0736809996459,29.03,12.0436809996459
31,13,38.385298158210524,29.03,9.355298158210523
31,14,29.28178873210461,29.03,0.2517887321046075
31,15,36.89951359277257,29.03,7.86951359277257
31,16,34.16152767822513,28.2,5.961527678225128
31,17,35.93437154894711,28.2,7.734371548947113
31,18,37.01782990630295,28.2,8.81782990630295
31,19,35.742982638906895,28.2,7.542982638906896
31,20,44.9510383467301,43.75,1.2010383467301011
31,21,44.951040616951644,43.75,1.2010406169516443
31,22,44.95104134185321,43.75,1.2010413418532124
31,23,44.9510417006136,43.75,1.201041700613601
31,24,52.991042062676,51.79,1.2010420626760023
31,25,52.99104240196816,51.79,1.2010424019681594
31,26,52.99104263542443,51.79,1.2010426354244288
31,27,52.991042777338215,51.79,1.2010427773382162
31,28,53.60104280778999,52.4,1.2010428077899888
31,29,53.60104282442545,52.4,1.2010428244254499
31,30,53.60104284048473,52.4,1.2010428404847318
31,31,53.601042855869395,52.4,1.201042855869396
31,32,50.621042870737966,49.42,1.2010428707379646
31,33,50.632441397289334,49.42,1.2124413972893322
31,34,50.63242101579018,49.42,1.2124210157901771
31,35,50.632395505870136,49.42,1.2123955058701341
31,36,50.592372421332655,49.38,1.2123724213326526
31,37,50.59235109260454,49.38,1.2123510926045356
31,38,50.59233289736136,49.38,1.2123328973613567
31,39,50.592317394001164,49.38,1.2123173940011611
31,40,47.59230825162684,46.38,1.2123082516268369
31,41,47.592304611112816,46.38,1.2123046111128133
31,42,47.59230933389498,46.38,1.2123093338949786
31,43,47.581042907877524,46.38,1.2010429078775218
31,44,37.481042899203935,36.28,1.2010428992039337
31,45,37.48104289767769,36.28,1.201042897677688
31,46,37.481042897100416,36.28,1.2010428971004146
31,47,37.492390099797746,36.28,1.2123900997977444
31,48,36.7924111988685,35.58,1.2124111988685016
31,49,36.79243487989471,35.58,1.2124348798947082
31,50,36.79246541628679,35.58,1.2124654162867898
31,51,36.79249531350109,35.58,1.212495313501094
31,52,36.42104285963052,35.22,1.201042859630519
31,53,36.42104288080771,35.22,1.2010428808077123
31,54,36.42104285756497,35.22,1.2010428575649712
31,55,36.421042857620925,35.22,1.2010428576209264
31,56,36.12104286227587,34.92,1.2010428622758695
31,57,36.12104286827374,34.92,1.2010428682737384
31,58,37.67470622148788,34.92,2.7547062214878792
31,59,50.973213776265546,34.92,16.053213776265544
31,60,100.3086898441473,34.76,65.5486898441473
31,61,67.03890368805654,34.76,32.27890368805654
31,62,50.88784785984673,34.76,16.12784785984673
31,63,114.35179144581917,34.76,79.59179144581918
31,64,47.83272464058967,40.47,7.3627246405896685
31,65,46.95909857336495,40.47,6.489098573364949
31,66,61.460859976816636,40.47,20.990859976816637
31,67,46.19564225176397,40.47,5.725642251763972
31,68,58.09377052054508,48.01,10.08377052054508
31,69,53.99754933203764,48.01,5.987549332037645
31,70,54.33350690481651,48.01,6.323506904816512
31,71,83.58705007200939,48.01,35.57705007200939
31,72,55.98960353844327,51.61,4.37960353844327
31,73,65.64754542768345,51.61,14.037545427683455
31,74,74.51478664413494,51.61,22.904786644134944
31,75,56.855983679283746,51.61,5.245983679283746
31,76,50.06327436413085,47.16,2.9032743641308514
31,77,52.29018857563087,47.16,5.130188575630875
31,78,60.70602562234905,47.16,13.546025622349056
31,79,53.851485726039925,47.16,6.691485726039929
31,80,38.33104286378799,37.13,1.2010428637879897
31,81,38.331042854589754,37.13,1.2010428545897511
31,82,38.33104284220819,37.13,1.2010428422081887
31,83,38.331042815481304,37.13,1.2010428154813013
31,84,38.0212379427592,34.69,3.331237942759202
31,85,40.19417492455759,34.69,5.504174924557596
31,86,35.13491606478028,34.69,0.4449160647802799
31,87,35.134916045797326,34.69,0.4449160457973278
31,88,31.904936271117656,31.8,0.10493627111765491
31,89,31.84165544299628,31.8,0.0416554429962801
31,90,31.841655453451384,31.8,0.04165545345138355
31,91,31.841655422799104,31.8,0.04165542279910284
31,92,56.01213941692647,26.21,29.802139416926472
31,93,56.491121003152834,26.21,30.281121003152833
31,94,96.2439488678111,26.21,70.03394886781109
31,95,63.25001642102793,26.21,37.04001642102793
32,0,52.374065375022326,31.0,21.374065375022326
32,1,42.25096660467673,31.0,11.250966604676726
32,2,41.76037213033736,31.0,10.760372130337359
32,3,42.25902396038683,31.0,11.259023960386827
32,4,31.242266713254796,30.94,0.30226671325479515
32,5,44.69813662770203,30.94,13.758136627702026
32,6,38.292886709872135,30.94,7.352886709872134
32,7,40.22583525840665,30.94,9.285835258406646
32,8,32.742826178053235,31.32,1.422826178053235
32,9,32.74282617842816,31.32,1.42282617842816
32,10,32.74282617880587,31.32,1.4228261788058703
32,11,32.742826179177925,31.32,1.4228261791779246
32,12,41.29262732154844,29.03,12.262627321548436
32,13,38.55812229610025,29.03,9.52812229610025
32,14,29.32747936604494,29.03,0.2974793660449393
32,15,37.03971674617319,29.03,8.00971674617319
32,16,34.26311843099743,28.2,6.063118430997431
32,17,36.069702011035965,28.2,7.869702011035965
32,18,37.17791070399201,28.2,8.977910703992013
32,19,35.87621518388477,28.2,7.676215183884768
32,20,45.18739887563888,43.75,1.437398875638877
32,21,45.187400221645944,43.75,1.4374002216459445
32,22,45.18740065810388,43.75,1.4374006581038827
32,23,45.18740087661619,43.75,1.4374008766161879
32,24,53.22740109621088,51.79,1.437401096210884
32,25,53.227401301235595,51.79,1.437401301235596
32,26,53.22740144293265,51.79,1.4374014429326536
32,27,53.227401532472825,51.79,1.4374015324728262
32,28,53.837401550927396,52.4,1.4374015509273974
32,29,53.837401559396845,52.4,1.4374015593968466
32,30,53.844665784161535,52.4,1.4446657841615362
32,31,53.844651134866425,52.4,1.444651134866426
32,32,50.86463882167596,49.42,1.4446388216759587
32,33,50.864625148013225,49.42,1.4446251480132233
32,34,50.86461195561565,49.42,1.444611955615649
32,35,50.86459619830553,49.42,1.4445961983055255
32,36,50.82458383950621,49.38,1.4445838395062083
32,37,50.82457389360344,49.38,1.4445738936034402
32,38,50.824567169303926,49.38,1.444567169303923
32,39,50.824563058859674,49.38,1.4445630588596714
32,40,47.82456191000906,46.38,1.4445619100090568
32,41,47.824567492464624,46.38,1.4445674924646212
32,42,47.82457436542336,46.38,1.4445743654233567
32,43,47.81740159954291,46.38,1.437401599542909
32,44,37.71740158656423,36.28,1.4374015865642278
32,45,37.71740158472063,36.28,1.4374015847206323
32,46,37.71740158408567,36.28,1.43740158408567
32,47,37.7246428881703,36.28,1.4446428881703
32,48,37.024655061579246,35.58,1.4446550615792475
32,49,37.02467077235433,35.58,1.4446707723543284
32,50,37.017401543508264,35.58,1.4374015435082654
32,51,37.017401585927665,35.58,1.4374015859276668
32,52,36.65740154797509,35.22,1.4374015479750923
32,53,36.657401547433125,35.22,1.4374015474331259
32,54,36.65740154532361,35.22,1.4374015453236098
32,55,36.65740154465268,35.22,1.4374015446526798
32,56,36.35740154576566,34.92,1.4374015457656597
32,57,36.35740154623089,34.92,1.4374015462308876
32,58,37.911038990534145,34.92,2.9910389905341432
32,59,51.21280548742291,34.92,16.29280548742291
32,60,100.57520455778237,34.76,65.81520455778238
32,61,67.29117347478154,34.76,32.531173474781546
32,62,51.12857818595202,34.76,16.368578185952025
32,63,114.64036165272267,34.76,79.88036165272268
32,64,47.85400310784879,40.47,7.384003107848791
32,65,47.042668128721836,40.47,6.572668128721837
32,66,61.71030620682556,40.47,21.240306206825558
32,67,46.43610490004057,40.47,5.96610490004057
32,68,58.33794838567889,48.01,10.327948385678894
32,69,54.2380094184671,48.01,6.228009418467103
32,70,54.576065686978104,48.01,6.566065686978106
32,71,83.84757087158778,48.01,35.83757087158778
32,72,56.22959884159793,51.61,4.619598841597927
32,73,65.89513590171248,51.61,14.28513590171248
32,74,74.77367729792547,51.61,23.163677297925474
32,75,57.0979896493583,51.61,5.487989649358298
32,76,50.301908868365025,47.16,3.1419088683650287
32,77,52.53172397376988,47.16,5.371723973769882
32,78,60.96970652082904,47.16,13.809706520829046
32,79,54.09478380272072,47.16,6.934783802720723
32,80,38.56740154176833,37.13,1.437401541768324
32,81,38.56740153260552,37.13,1.43740153260552
32,82,38.567401522228494,37.13,1.437401522228491
32,83,38.567401499275654,37.13,1.4374014992756514
32,84,39.174402215498766,34.69,4.484402215498768
32,85,41.19444942503263,34.69,6.504449425032632
32,86,36.12735376000524,34.69,1.4373537600052444
32,87,36.1273537452224,34.69,1.4373537452224028
32,88,33.23735758844593,31.8,1.4373575884459306
32,89,33.23736337536989,31.8,1.4373633753698876
32,90,33.23737045239725,31.8,1.43737045239725
32,91,33.23737044269008,31.8,1.437370442690078
32,92,57.48190267342943,26.21,31.27190267342943
32,93,57.94777265952857,26.21,31.737772659528567
32,94,97.76517390026348,26.21,71.55517390026347
32,95,64.72035460811082,26.21,38.51035460811082
33,0,52.0687716269602,31.0,21.0687716269602
33,1,41.98046673781745,31.0,10.980466737817451
33,2,41.49969946905911,31.0,10.49969946905911
33,3,42.012850306299704,31.0,11.012850306299704
33,4,31.150085136794726,30.94,0.2100851367947243
33,5,44.4010210833424,30.94,13.461021083342398
33,6,38.119885154859816,30.94,7.179885154859814
33,7,40.00070512024773,30.94,9.060705120247729
33,8,32.434846353354104,31.32,1.1148463533541033
33,9,32.434846353822195,31.32,1.1148463538221947
33,10,32.4348463541883,31.32,1.1148463541883018
33,11,32.43484635468937,31.32,1.1148463546893694
33,12,41.00778827735032,29.03,11.97778827735032
33,13,38.326189562611624,29.03,9.296189562611623
33,14,29.23858263745378,29.03,0.20858263745378025
33,15,36.85023087382253,29.03,7.820230873822531
33,16,34.1209325629558,28.2,5.920932562955802
33,17,35.88365581909247,28.2,7.683655819092468
33,18,36.96113980070699,28.2,8.761139800706989
33,19,35.69516249778957,28.2,7.495162497789568
33,20,44.864846383563304,43.75,1.1148463835633038
33,21,44.864846398432746,43.75,1.1148463984327464
33,22,44.86484641264015,43.75,1.1148464126401478
33,23,44.86484642538484,43.75,1.1148464253848402
33,24,52.904846438796554,51.79,1.1148464387965547
33,25,52.904846452381605,51.79,1.114846452381606
33,26,52.904846465382725,51.79,1.1148464653827261
33,27,52.90484648089988,51.79,1.1148464808998781
33,28,53.51484648772482,52.4,1.1148464877248188
33,29,53.51484649259203,52.4,1.1148464925920294
33,30,53.51484649874842,52.4,1.1148464987484203
33,31,53.51484650510806,52.4,1.114846505108062
33,32,50.53484651161967,49.42,1.1148465116196675
33,33,50.53484651760932,49.42,1.1148465176093154
33,34,50.534846523655744,49.42,1.1148465236557428
33,35,50.5348465305461,49.42,1.114846530546096
33,36,50.49484653671897,49.38,1.1148465367189644
33,37,50.49484654202831,49.38,1.1148465420283102
33,38,50.494846545725096,49.38,1.1148465457250936
33,39,50.49484654959346,49.38,1.1148465495934587
33,40,47.49484655335166,46.38,1.1148465533516543
33,41,47.494846556505536,46.38,1.1148465565055332
33,42,47.494846559215105,46.38,1.1148465592151027
33,43,47.511204326726556,46.38,1.1312043267265537
33,44,37.394846645726965,36.28,1.1148466457269635
33,45,37.39484663100434,36.28,1.1148466310043403
33,46,37.39484665224335,36.28,1.1148466522433509
33,47,37.39484657756709,36.28,1.1148465775670857
33,48,36.694846567819546,35.58,1.1148465678195478
33,49,36.69484656864569,35.58,1.1148465686456888
33,50,36.69484656918193,35.58,1.1148465691819283
33,51,36.69484657041867,35.58,1.1148465704186705
33,52,36.33484657158427,35.22,1.1148465715842732
33,53,36.33484657225147,35.22,1.1148465722514729
33,54,36.334846572167,35.22,1.1148465721670036
33,55,36.334846572463434,35.22,1.1148465724634349
33,56,36.03484657364196,34.92,1.1148465736419553
33,57,36.03484657348289,34.92,1.114846573482886
33,58,37.589012972129005,34.92,2.6690129721290035
33,59,50.895461651755696,34.92,15.975461651755694
33,60,100.27534902046807,34.76,65.51534902046808
33,61,66.97856370653975,34.76,32.21856370653975
33,62,50.81472559919611,34.76,16.05472559919611
33,63,114.33968603941676,34.76,79.57968603941677
33,64,47.53285161367375,40.47,7.06285161367375
33,65,46.721540465162406,40.47,6.251540465162407
33,66,61.392591922439834,40.47,20.922591922439835
33,67,46.1151218007437,40.47,5.645121800743702
33,68,58.01835020151607,48.01,10.008350201516073
33,69,53.91702352489502,48.01,5.907023524895024
33,70,54.255893402654266,48.01,6.245893402654268
33,71,83.53396706757812,48.01,35.52396706757812
33,72,55.908454842914175,51.61,4.298454842914175
33,73,65.57684687862013,51.61,13.966846878620132
33,74,74.45951797230673,51.61,22.849517972306728
33,75,56.77761277482782,51.61,5.167612774827823
33,76,49.98023533795428,47.16,2.82023533795428
33,77,52.211171032168075,47.16,5.051171032168078
33,78,60.658646793857635,47.16,13.498646793857638
33,79,53.77488508976351,47.16,6.614885089763511
33,80,38.244846568928665,37.13,1.1148465689286624
33,81,38.244846565597996,37.13,1.1148465655979933
33,82,38.24484656297582,37.13,1.1148465629758206
33,83,38.24484655999901,37.13,1.114846559999009
33,84,38.867367303405345,34.69,4.177367303405347
33,85,40.89495792926965,34.69,6.2049579292696535
33,86,35.804846550748536,34.69,1.1148465507485383
33,87,35.804846547307825,34.69,1.1148465473078275
33,88,32.91484654063423,31.8,1.114846540634229
33,89,32.91484652941094,31.8,1.1148465294109364
33,90,32.91484651415088,31.8,1.11484651415088
33,91,32.914846483081334,31.8,1.1148464830813332
33,92,56.05805011834198,26.21,29.84805011834198
33,93,56.518466829647785,26.21,30.308466829647784
33,94,96.36116801939048,26.21,70.15116801939047
33,95,63.296934819122605,26.21,37.086934819122604
35,0,57.5308663223081,31.0,26.5308663223081
35,1,40.75363410841706,31.0,9.75363410841706
35,2,40.29982708366506,31.0,9.299827083665058
35,3,40.76119608870221,31.0,9.761196088702206
35,4,30.99178440652074,30.94,0.05178440652073846
35,5,43.02106444888983,30.94,12.08106444888983
35,6,37.17820728820324,30.94,6.238207288203238
35,7,38.91689142453901,30.94,7.976891424539009
35,8,33.01772494208529,31.32,1.6977249420852871
35,9,33.017724927288526,31.32,1.697724927288526
35,10,33.01772496404755,31.32,1.697724964047552
35,11,33.017724975738766,31.32,1.6977249757387654
35,12,39.723477699826205,29.03,10.693477699826204
35,13,37.232048350860026,29.03,8.202048350860025
35,14,29.081136541779685,29.03,0.05113654177968385
35,15,35.85891956388101,29.03,6.8289195638810085
35,16,33.2992949337406,28.2,5.099294933740598
35,17,34.910907655084955,28.2,6.710907655084956
35,18,35.903281191516704,28.2,7.703281191516705
35,19,34.726406309720126,28.2,6.526406309720127
35,20,56.37303840453783,43.75,12.62303840453783
35,21,56.37310895086216,43.75,12.62310895086216
35,22,56.37311490949613,43.75,12.623114909496131
35,23,56.37311911021112,43.75,12.623119110211121
35,24,64.41312184670689,51.79,12.623121846706887
35,25,64.4128352868166,51.79,12.622835286816603
35,26,64.41283525941185,51.79,12.62283525941185
35,27,64.41283499051228,51.79,12.622834990512281
35,28,65.02283490465243,52.4,12.622834904652429
35,29,65.02283540082621,52.4,12.622835400826212
35,30,65.02283507972786,52.4,12.622835079727857
35,31,65.02283533977956,52.4,12.622835339779563
35,32,62.04283630298562,49.42,12.622836302985618
35,33,62.04283713047303,49.42,12.62283713047303
35,34,62.04283871603991,49.42,12.622838716039908
35,35,62.042835072770764,49.42,12.622835072770762
35,36,62.00283500044355,49.38,12.622835000443544
35,37,62.00283496678247,49.38,12.62283496678247
35,38,62.00283560194959,49.38,12.622835601949589
35,39,62.002835213110764,49.38,12.622835213110761
35,40,59.00283430802355,46.38,12.622834308023549
35,41,59.00283624394484,46.38,12.622836243944839
35,42,59.002835705898434,46.38,12.622835705898432
35,43,59.002838024351604,46.38,12.622838024351601
35,44,48.90312264043537,36.28,12.62312264043537
35,45,48.902835174369486,36.28,12.622835174369484
35,46,48.90312454454264,36.28,12.623124544542641
35,47,48.9028351029253,36.28,12.6228351029253
35,48,48.20313885218571,35.58,12.623138852185711
35,49,48.2031407988067,35.58,12.623140798806702
35,50,48.20313968986177,35.58,12.623139689861773
35,51,48.20313956107199,35.58,12.623139561071994
35,52,47.84313990531769,35.22,12.623139905317693
35,53,47.84314013992256,35.22,12.623140139922562
35,54,47.843140087299055,35.22,12.623140087299056
35,55,47.84314017418155,35.22,12.62314017418155
35,56,47.54314022642457,34.92,12.623140226424567
35,57,47.54314037546854,34.92,12.623140375468537
35,58,81.37948705284145,34.92,46.45948705284145
35,59,257.09357456143385,34.92,222.17357456143384
35,60,433.0036169508791,34.76,398.24361695087913
35,61,373.2360833572318,34.76,338.4760833572318
35,62,374.1103817486717,34.76,339.35038174867174
35,63,619.6267066452084,34.76,584.8667066452084
35,64,184.1298655169347,40.47,143.6598655169347
35,65,165.7724645147149,40.47,125.3024645147149
35,66,248.99714194172782,40.47,208.52714194172782
35,67,152.44532808644857,40.47,111.97532808644857
35,68,256.8999560949423,48.01,208.8899560949423
35,69,166.04516155130736,48.01,118.03516155130737
35,70,172.99084720288488,48.01,124.98084720288489
35,71,128.14963671797432,48.01,80.13963671797433
35,72,133.82107408938086,51.61,82.21107408938086
35,73,257.0913080342415,51.61,205.48130803424147
35,74,378.5620283178564,51.61,326.9520283178564
35,75,152.54942945883886,51.61,100.93942945883886
35,76,96.82597529731986,47.16,49.66597529731986
35,77,145.3451180890492,47.16,98.18511808904921
35,78,317.81191478773894,47.16,270.651914787739
35,79,179.67467571219765,47.16,132.51467571219766
35,80,49.75314012674111,37.13,12.623140126741106
35,81,49.75313998616329,37.13,12.623139986163288
35,82,49.75313978699527,37.13,12.623139786995267
35,83,49.75313922532963,37.13,12.62313922532963
35,84,108.36872541745049,34.69,73.6787254174505
35,85,59.6137615022901,34.69,24.923761502290105
35,86,42.422234261883645,34.69,7.732234261883647
35,87,42.42223360737627,34.69,7.732233607376273
35,88,39.53218878592572,31.8,7.732188785925718
35,89,39.532188289425946,31.8,7.732188289425945
35,90,39.5321857210648,31.8,7.732185721064798
35,91,39.532183352102294,31.8,7.732183352102293
35,92,69.15807018341906,26.21,42.948070183419055
35,93,89.60877336432773,26.21,63.39877336432773
35,94,245.99906268486,26.21,219.78906268486
35,95,111.78373788004464,26.21,85.57373788004463
36,0,57.532693726353244,31.0,26.532693726353244
36,1,40.754731558621366,31.0,9.754731558621366
36,2,40.302262685555895,31.0,9.302262685555895
36,3,40.7632505288077,31.0,9.763250528807703
36,4,30.992867500381205,30.94,0.052867500381204025
36,5,43.023444935347925,30.94,12.083444935347924
36,6,37.180536912540944,30.94,6.240536912540943
36,7,38.918553547256344,30.94,7.978553547256343
36,8,33.016268499688735,31.32,1.6962684996887347
36,9,33.01626852491422,31.32,1.6962685249142169
36,10,33.01626854556777,31.32,1.6962685455677686
36,11,33.0162685417499,31.32,1.6962685417499017
36,12,39.726428360860645,29.03,10.696428360860644
36,13,37.235116536017166,29.03,8.205116536017165
36,14,29.08234624383448,29.03,0.052346243834477946
36,15,35.86161530064229,29.03,6.831615300642291
36,16,33.30120433995826,28.2,5.101204339958262
36,17,34.91296170133963,28.2,6.712961701339633
36,18,35.9053987010764,28.2,7.705398701076401
36,19,34.72755031133996,28.2,6.5275503113399616
36,20,57.14658656488662,43.75,13.396586564886618
36,21,57.146589109551705,43.75,13.396589109551705
36,22,57.14659049602963,43.75,13.396590496029631
36,23,57.14659102489339,43.75,13.39659102489339
36,24,65.18659145896197,51.79,13.396591458961971
36,25,65.18659192455587,51.79,13.396591924555871
36,26,65.1865921177853,51.79,13.396592117785296
36,27,65.18659222112957,51.79,13.396592221129573
36,28,65.79659228385032,52.4,13.396592283850318
36,29,65.79659238587591,52.4,13.396592385875913
36,30,65.7965923841357,52.4,13.396592384135708
36,31,65.79659243748091,52.4,13.396592437480912
36,32,62.81659299176752,49.42,13.39659299176752
36,33,62.81659491505253,49.42,13.396594915052525
36,34,62.81659330200523,49.42,13.396593302005229
36,35,62.81659262359456,49.42,13.396592623594557
36,36,62.77636098492072,49.38,13.396360984920719
36,37,62.77636088941898,49.38,13.396360889418979
36,38,62.77659260631346,49.38,13.396592606313455
36,39,62.77636090323886,49.38,13.396360903238858
36,40,59.77635991015591,46.38,13.396359910155908
36,41,59.776592632300265,46.38,13.396592632300262
36,42,59.77659263008667,46.38,13.396592630086666
36,43,59.77636299775914,46.38,13.396362997759141
36,44,49.67635926996774,36.28,13.39635926996774
36,45,49.67636031971257,36.28,13.39636031971257
36,46,49.676359581554756,36.28,13.396359581554755
36,47,49.6763605671429,36.28,13.3963605671429
36,48,48.976592644430134,35.58,13.396592644430136
36,49,48.97636198690428,35.58,13.396361986904282
36,50,48.97659261228055,35.58,13.39659261228055
36,51,48.976592636525204,35.58,13.396592636525206
36,52,48.616592564180756,35.22,13.396592564180757
36,53,48.61659257525723,35.22,13.39659257525723
36,54,48.61659260228988,35.22,13.396592602289878
36,55,48.61659262544942,35.22,13.396592625449422
36,56,48.316592616418696,34.92,13.396592616418694
36,57,48.31659262117143,34.92,13.396592621171429
36,58,75.83465120887163,34.92,40.91465120887163
36,59,257.7077060630616,34.92,222.7877060630616
36,60,433.5211879681004,34.76,398.7611879681004
36,61,373.6668007963886,34.76,338.9068007963886
36,62,374.69689297943336,34.76,339.93689297943337
36,63,619.401591796156,34.76,584.641591796156
36,64,184.7030187234619,40.47,144.2330187234619
36,65,166.3976495706158,40.47,125.92764957061581
36,66,249.31706915362474,40.47,208.84706915362474
36,67,153.1082400180109,40.47,112.63824001801089
36,68,257.24214790522524,48.01,209.23214790522525
36,69,166.6838636169471,48.01,118.6738636169471
36,70,173.6397307616819,48.01,125.62973076168191
36,71,343.2253254420759,48.01,295.21532544207594
36,72,134.53311451229467,51.61,82.92311451229467
36,73,257.5335963613988,51.61,205.92359636139878
36,74,378.3002325218278,51.61,326.6902325218278
36,75,153.2263292571326,51.61,101.61632925713259
36,76,97.55351569599483,47.16,50.393515695994836
36,77,146.00499673477796,47.16,98.84499673477796
36,78,317.90315482988126,47.16,270.7431548298813
36,79,180.2488343050083,47.16,133.0888343050083
36,80,50.52659262589886,37.13,13.396592625898855
36,81,50.526592639833574,37.13,13.396592639833571
36,82,50.52659243148183,37.13,13.396592431481828
36,83,50.526592169302226,37.13,13.396592169302224
36,84,113.73041649755699,34.69,79.04041649755699
36,85,59.169192008837186,34.69,24.479192008837188
36,86,41.97249570530934,34.69,7.282495705309344
36,87,41.97240132891595,34.69,7.282401328915952
36,88,39.08235453913513,31.8,7.282354539135131
36,89,39.08235556437502,31.8,7.28235556437502
36,90,39.0823553203345,31.8,7.282355320334499
36,91,39.082354787708425,31.8,7.2823547877084245
36,92,68.2376690302192,26.21,42.027669030219194
36,93,89.17150145208639,26.21,62.96150145208639
36,94,245.55247160496677,26.21,219.34247160496676
36,95,111.34167294194975,26.21,85.13167294194974
38,0,57.54974783543978,31.0,26.54974783543978
38,1,40.76378731925127,31.0,9.763787319251271
38,2,40.311711663177036,31.0,9.311711663177036
38,3,40.77168559425117,31.0,9.771685594251167
38,4,30.991237536588468,30.94,0.051237536588466526
38,5,43.031308553420885,30.94,12.091308553420884
38,6,37.182866560891966,30.94,6.242866560891965
38,7,38.9229393801596,30.94,7.982939380159596
38,8,33.019323327441825,31.32,1.6993233274418245
38,9,33.019323243017226,31.32,1.6993232430172256
38,10,33.01932334553822,31.32,1.6993233455382182
38,11,33.01932335569989,31.32,1.6993233556998888
38,12,39.73382693077523,29.03,10.703826930775229
38,13,37.2351972202807,29.03,8.205197220280702
38,14,29.08055687385749,29.03,0.05055687385748797
38,15,35.8623284615305,29.03,6.832328461530501
38,16,33.300621897391025,28.2,5.100621897391026
38,17,34.911135749992184,28.2,6.711135749992184
38,18,35.90490526469771,28.2,7.704905264697711
38,19,34.729204269088854,28.2,6.529204269088854
38,20,57.05340064914791,43.75,13.30340064914791
38,21,57.053408650180074,43.75,13.303408650180074
38,22,57.05341444045233,43.75,13.303414440452329
38,23,57.05341875927349,43.75,13.303418759273491
38,24,65.09342329797813,51.79,13.303423297978135
38,25,65.09342787137363,51.79,13.303427871373636
38,26,65.09343164546895,51.79,13.303431645468955
38,27,65.09343437929682,51.79,13.303434379296824
38,28,65.70343521646555,52.4,13.303435216465552
38,29,65.70313804392791,52.4,13.303138043927909
38,30,65.70313791456098,52.4,13.303137914560985
38,31,65.70313825066333,52.4,13.30313825066333
38,32,62.7231392266778,49.42,13.3031392266778
38,33,62.72314002751827,49.42,13.303140027518268
38,34,62.72314153764789,49.42,13.303141537647889
38,35,62.72313786625456,49.42,13.30313786625456
38,36,62.68313768591989,49.38,13.303137685919886
38,37,62.68313752034087,49.38,13.303137520340869
38,38,62.68313799747974,49.38,13.303137997479737
38,39,62.683137459196175,49.38,13.303137459196172
38,40,59.68313641269462,46.38,13.30313641269462
38,41,59.68313819494471,46.38,13.303138194944708
38,42,59.68313756032542,46.38,13.303137560325418
38,43,59.683436051162865,46.38,13.303436051162862
38,44,49.58313598034447,36.28,13.303135980344472
38,45,49.58313713767578,36.28,13.303137137675776
38,46,49.58313640307299,36.28,13.30313640307299
38,47,49.583137447930525,36.28,13.303137447930524
38,48,48.8834340477046,35.58,13.303434047704599
38,49,48.88313887891705,35.58,13.303138878917053
38,50,48.883138446463505,35.58,13.303138446463507
38,51,48.88345205162355,35.58,13.303452051623552
38,52,48.52345101763726,35.22,13.303451017637258
38,53,48.52345101558609,35.22,13.303451015586091
38,54,48.52345099836467,35.22,13.303450998364674
38,55,48.52345101963353,35.22,13.303451019633528
38,56,48.223451068157914,34.92,13.303451068157912
38,57,48.22345110324984,34.92,13.303451103249841
38,58,81.99041295870491,34.92,47.07041295870491
38,59,257.3822643209108,34.92,222.46226432091078
38,60,433.3710035577821,34.76,398.6110035577821
38,61,373.69557423072547,34.76,338.9355742307255
38,62,374.66858169675345,34.76,339.90858169675346
38,63,619.5953523873892,34.76,584.8353523873892
38,64,184.64150717439063,40.47,144.17150717439063
38,65,166.39738973824944,40.47,125.92738973824945
38,66,249.33079992637514,40.47,208.86079992637514
38,67,153.12799489523138,40.47,112.65799489523138
38,68,257.3718286464008,48.01,209.3618286464008
38,69,166.67569771719522,48.01,118.66569771719523
38,70,173.75089810213203,48.01,125.74089810213204
38,71,343.2725008925514,48.01,295.26250089255143
38,72,134.56946100377013,51.61,82.95946100377013
38,73,257.573114922369,51.61,205.96311492236896
38,74,378.6378060141788,51.61,327.0278060141788
38,75,153.36753164957457,51.61,101.75753164957457
38,76,97.57043070890012,47.16,50.41043070890012
38,77,146.1586164189154,47.16,98.99861641891539
38,78,318.8049703245197,47.16,271.6449703245197
38,79,180.46634151157863,47.16,133.30634151157864
38,80,50.4334509928856,37.13,13.303450992885594
38,81,50.433450878710794,37.13,13.303450878710791
38,82,50.43345070946111,37.13,13.30345070946111
38,83,50.43345030212161,37.13,13.303450302121604
38,84,108.68670870212453,34.69,73.99670870212454
38,85,59.75972830806234,34.69,25.069728308062345
38,86,42.51514110087096,34.69,7.825141100870965
38,87,42.51514083069827,34.69,7.825140830698274
38,88,39.62508157213702,31.8,7.8250815721370195
38,89,39.62508272735241,31.8,7.825082727352406
38,90,39.62508253908647,31.8,7.82508253908647
38,91,39.6250821190081,31.8,7.825082119008098
38,92,68.5058056249719,26.21,42.2958056249719
38,93,89.78392834600957,26.21,63.57392834600957
38,94,246.6598309445187,26.21,220.44983094451868
38,95,112.04194382067541,26.21,85.8319438206754
42,0,119.67555796940232,31.0,88.67555796940232
42,1,41.23666653679527,31.0,10.23666653679527
42,2,40.762343068943125,31.0,9.762343068943125
42,3,41.24165621155504,31.0,10.24165621155504
42,4,31.206652308738104,30.94,0.2666523087381023
42,5,43.70027273210616,30.94,12.760272732106156
42,6,37.50842070222332,30.94,6.568420702223317
42,7,39.321855416991255,30.94,8.381855416991254
42,8,34.81559231205991,31.32,3.4955923120599124
42,9,34.81559226786007,31.32,3.4955922678600686
42,10,34.81559230750141,31.32,3.4955923075014113
42,11,34.81559231595357,31.32,3.495592315953573
42,12,40.2575245346833,29.03,11.227524534683297
42,13,37.61400206822161,29.03,8.584002068221608
42,14,29.29793459130037,29.03,0.26793459130036723
42,15,36.192943698262226,29.03,7.162943698262225
42,16,33.54634632649666,28.2,5.346346326496661
42,17,35.228269798032656,28.2,7.028269798032657
42,18,36.25428348462272,28.2,8.054283484622719
42,19,35.044389096454864,28.2,6.844389096454865
42,20,150.4122464179424,43.75,106.66224641794241
42,21,150.41224729982832,43.75,106.66224729982832
42,22,150.41224792449145,43.75,106.66224792449145
42,23,150.41224839332494,43.75,106.66224839332494
42,24,158.4522487555537,51.79,106.66224875555372
42,25,158.452248973388,51.79,106.66224897338802
42,26,158.45224917049302,51.79,106.66224917049303
42,27,158.45224933740937,51.79,106.66224933740938
42,28,159.0622494886918,52.4,106.6622494886918
42,29,159.06224961455607,52.4,106.66224961455606
42,30,159.06224973966934,52.4,106.66224973966933
42,31,159.06224981747667,52.4,106.66224981747666
42,32,156.08224988151585,49.42,106.66224988151585
42,33,156.08224992560378,49.42,106.66224992560377
42,34,156.08225000031706,49.42,106.66225000031706
42,35,156.08225010335067,49.42,106.66225010335067
42,36,156.04225002703384,49.38,106.66225002703385
42,37,156.0422502345343,49.38,106.6622502345343
42,38,156.04225015944849,49.38,106.66225015944849
42,39,156.04225013339837,49.38,106.66225013339837
42,40,153.04225015637869,46.38,106.66225015637869
42,41,153.0422501731682,46.38,106.66225017316822
42,42,153.042250147134,46.38,106.66225014713402
42,43,153.04225017299495,46.38,106.66225017299496
42,44,142.94225015264487,36.28,106.66225015264487
42,45,142.94225016663154,36.28,106.66225016663154
42,46,142.9422502226742,36.28,106.6622502226742
42,47,142.94225018950658,36.28,106.66225018950658
42,48,142.2422502174021,35.58,106.6622502174021
42,49,142.24225019148042,35.58,106.66225019148042
42,50,142.2422501960632,35.58,106.6622501960632
42,51,142.24182394641002,35.58,106.66182394641002
42,52,141.8822501937501,35.22,106.66225019375011
42,53,141.88225016478344,35.22,106.66225016478344
42,54,141.88225016357663,35.22,106.66225016357663
42,55,141.88225019600142,35.22,106.66225019600142
42,56,141.5822501736066,34.92,106.66225017360661
42,57,141.58225019183874,34.92,106.66225019183874
42,58,426.1396444996687,34.92,391.2196444996687
42,59,1867.2835921934645,34.92,1832.3635921934645
42,60,3073.5904120646915,34.76,3038.8304120646912
42,61,2773.301235194569,34.76,2738.541235194569
42,62,2882.840083931588,34.76,2848.080083931588
42,63,4619.924942919911,34.76,4585.164942919911
42,64,1249.4662078585106,40.47,1208.9962078585106
42,65,1093.427055311308,40.47,1052.957055311308
42,66,1708.4634142777911,40.47,1667.993414277791
42,67,980.9384722757854,40.47,940.4684722757854
42,68,1279.5074463634987,48.01,1231.4974463634987
42,69,1040.1354155090391,48.01,992.1254155090392
42,70,1097.2142822300477,48.01,1049.2042822300477
42,71,2365.0710573175174,48.01,2317.061057317517
42,72,741.6603444975892,51.61,690.0503444975892
42,73,1746.947951152897,51.61,1695.3379511528972
42,74,2754.289962165232,51.61,2702.6799621652317
42,75,898.5021725575327,51.61,846.8921725575327
42,76,464.00910795429695,47.16,416.849107954297
42,77,871.1869122101792,47.16,824.0269122101793
42,78,2319.6557585021114,47.16,2272.4957585021116
42,79,1159.7170067449279,47.16,1112.5570067449278
42,80,143.79224986258043,37.13,106.66224986258044
42,81,143.79224968065748,37.13,106.66224968065748
42,82,143.79224944367093,37.13,106.66224944367093
42,83,143.79224889504283,37.13,106.66224889504284
42,84,692.0366533897773,34.69,657.3466533897772
42,85,174.1162022258825,34.69,139.4262022258825
42,86,35.02279810268344,34.69,0.3327981026834408
42,87,34.92297285750592,34.69,0.23297285750592067
42,88,31.9699524277786,31.8,0.16995242777860042
42,89,31.920263298258867,31.8,0.12026329825886606
42,90,31.877175173463836,31.8,0.07717517346383573
42,91,31.837715047899998,31.8,0.037715047899997245
42,92,137.91681056605998,26.21,111.70681056605997
42,93,311.5553144726798,26.21,285.34531447267983
42,94,1411.417702323111,26.21,1385.2077023231109
42,95,460.0275439482091,26.21,433.8175439482091
48,0,182.708773699772,31.0,151.708773699772
48,1,41.42805136650635,31.0,10.428051366506352
48,2,40.94318778930516,31.0,9.943187789305163
48,3,41.42296888581671,31.0,10.422968885816708
48,4,31.364534326445604,30.94,0.4245343264456025
48,5,43.967339861284124,30.94,13.027339861284123
48,6,37.63016553644841,30.94,6.690165536448408
48,7,39.474810555389965,30.94,8.534810555389964
48,8,37.16460050628225,31.32,5.844600506282248
48,9,37.16460052357888,31.32,5.844600523578883
48,10,37.1646005333249,31.32,5.8446005333249005
48,11,37.1646005408522,31.32,5.844600540852198
48,12,40.457821500566894,29.03,11.427821500566893
48,13,37.75693995045548,29.03,8.726939950455481
48,14,29.460059486913416,29.03,0.43005948691341445
48,15,36.315412002321224,29.03,7.285412002321223
48,16,33.61819725783839,28.2,5.41819725783839
48,17,35.345252874006576,28.2,7.145252874006577
48,18,36.3858649572716,28.2,8.185864957271601
48,19,35.159769907139264,28.2,6.959769907139265
48,20,210.55294021500478,43.75,166.80294021500478
48,21,210.5530217276435,43.75,166.8030217276435
48,22,210.5530460534488,43.75,166.8030460534488
48,23,250.26924001079868,43.75,206.51924001079868
48,24,258.3092423902516,51.79,206.5192423902516
48,25,258.30924255393813,51.79,206.51924255393814
48,26,258.3092429084865,51.79,206.51924290848652
48,27,258.3088461919625,51.79,206.51884619196252
48,28,258.9188360223341,52.4,206.5188360223341
48,29,258.9192435164703,52.4,206.5192435164703
48,30,258.91883046241736,52.4,206.51883046241736
48,31,258.91883587212203,52.4,206.51883587212203
48,32,255.93886414067975,49.42,206.51886414067974
48,33,255.93888280307192,49.42,206.5188828030719
48,34,255.93889951656547,49.42,206.51889951656545
48,35,255.93882448808915,49.42,206.51882448808914
48,36,255.89880679875864,49.38,206.51880679875865
48,37,255.89881330727445,49.38,206.51881330727446
48,38,255.8988208183388,49.38,206.5188208183388
48,39,255.89880103909542,49.38,206.51880103909542
48,40,252.89878377972877,46.38,206.51878377972878
48,41,252.8988200777366,46.38,206.5188200777366
48,42,252.8988000315367,46.38,206.5188000315367
48,43,252.89884121817582,46.38,206.51884121817582
48,44,242.79879806664172,36.28,206.51879806664172
48,45,242.79924368067108,36.28,206.51924368067108
48,46,242.79924427956058,36.28,206.51924427956058
48,47,242.7987936825838,36.28,206.5187936825838
48,48,242.09920654506038,35.58,206.5192065450604
48,49,242.0992586186232,35.58,206.5192586186232
48,50,242.0992586035685,35.58,206.51925860356852
48,51,242.09926069988967,35.58,206.51926069988968
48,52,241.73927234007465,35.22,206.51927234007465
48,53,241.7392855665813,35.22,206.5192855665813
48,54,241.73928571681014,35.22,206.51928571681015
48,55,241.7392863696962,35.22,206.5192863696962
48,56,241.43929808152427,34.92,206.51929808152425
48,57,241.4392981801464,34.92,206.5192981801464
48,58,779.6393268298034,34.92,744.7193268298034
48,59,3500.357013281421,34.92,3465.437013281421
48,60,5756.58149889778,34.76,5721.82149889778
48,61,5212.027677131903,34.76,5177.267677131903
48,62,5428.260519829722,34.76,5393.500519829722
48,63,8701.056686041493,34.76,8666.296686041493
48,64,2335.450986363128,40.47,2294.980986363128
48,65,2040.3775864865624,40.47,1999.9075864865624
48,66,3199.518175836172,40.47,3159.048175836172
48,67,1825.63647139346,40.47,1785.16647139346
48,68,3379.7889353091427,48.01,3331.7789353091425
48,69,1929.6906757055392,48.01,1881.6806757055392
48,70,2038.0370231675229,48.01,1990.0270231675229
48,71,4434.227820561459,48.01,4386.217820561459
48,72,1360.9218944742531,51.61,1309.3118944742532
48,73,3267.83278584819,51.61,3216.2227858481897
48,74,5177.4953088153925,51.61,5125.885308815393
48,75,1657.930389858125,51.61,1606.320389858125
48,76,840.284413146561,47.16,793.124413146561
48,77,1609.759185211875,47.16,1562.599185211875
48,78,4360.432583569716,47.16,4313.2725835697165
48,79,2157.907043697202,47.16,2110.747043697202
48,80,243.64929770801876,37.13,206.51929770801877
48,81,243.6492975142469,37.13,206.51929751424692
48,82,243.64929727688911,37.13,206.51929727688912
48,83,243.6492970138285,37.13,206.5192970138285
48,84,1161.3198902771562,34.69,1126.6298902771562
48,85,339.0919306636743,34.69,304.4019306636743
48,86,123.31604876377328,34.69,88.62604876377328
48,87,123.31604826603494,34.69,88.62604826603494
48,88,120.42605565213775,31.8,88.62605565213775
48,89,120.42606491212163,31.8,88.62606491212163
48,90,120.42607456722443,31.8,88.62607456722444
48,91,120.42607431914217,31.8,88.62607431914218
48,92,303.2575179747802,26.21,277.04751797478025
48,93,631.1352167090873,26.21,604.9252167090873
48,94,2681.076016285866,26.21,2654.866016285866
48,95,907.3607518728431,26.21,881.1507518728431
54,0,182.7986027411724,31.0,151.7986027411724
54,1,41.43107563542858,31.0,10.431075635428577
54,2,40.94780338214323,31.0,9.947803382143228
54,3,41.434579647899696,31.0,10.434579647899696
54,4,31.36978352128067,30.94,0.4297835212806689
54,5,43.973361475355496,30.94,13.033361475355495
54,6,37.63368714694603,30.94,6.693687146946029
54,7,39.477844662085985,30.94,8.537844662085984
54,8,37.166829094106234,31.32,5.8468290941062335
54,9,37.166829094093494,31.32,5.8468290940934935
54,10,37.166829102288965,31.32,5.8468291022889645
54,11,37.16682909802463,31.32,5.846829098024628
54,12,40.46340916366125,29.03,11.433409163661246
54,13,37.7619300807458,29.03,8.731930080745798
54,14,29.465744091842595,29.03,0.43574409184259366
54,15,36.31962223576364,29.03,7.2896222357636375
54,16,33.62063467677547,28.2,5.420634676775467
54,17,35.34900009831609,28.2,7.14900009831609
54,18,36.39016339389478,28.2,8.190163393894782
54,19,35.162567329373395,28.2,6.962567329373396
54,20,254.97288865278853,43.75,211.22288865278853
54,21,254.97288880397525,43.75,211.22288880397525
54,22,254.9728892834387,43.75,211.2228892834387
54,23,254.97288960420934,43.75,211.22288960420934
54,24,263.01288993163166,51.79,211.22288993163167
54,25,263.0128903438227,51.79,211.22289034382268
54,26,263.01289050369644,51.79,211.22289050369645
54,27,263.01289060655415,51.79,211.22289060655416
54,28,263.6228906955695,52.4,211.22289069556948
54,29,263.62289083525417,52.4,211.22289083525416
54,30,263.6228909032124,52.4,211.2228909032124
54,31,263.62289101295903,52.4,211.22289101295902
54,32,260.6428918106259,49.42,211.22289181062587
54,33,260.6425506702812,49.42,211.22255067028118
54,34,260.6428927846591,49.42,211.2228927846591
54,35,260.64289133438024,49.42,211.22289133438022
54,36,260.60247710345334,49.38,211.22247710345334
54,37,260.60248357022016,49.38,211.22248357022016
54,38,260.6028913400848,49.38,211.2228913400848
54,39,260.60247141688745,49.38,211.22247141688746
54,40,257.6024543130012,46.38,211.2224543130012
54,41,257.6028914039478,46.38,211.2228914039478
54,42,257.6028914034203,46.38,211.2228914034203
54,43,257.6025117334194,46.38,211.22251173341942
54,44,247.5024688172592,36.28,211.2224688172592
54,45,247.50248284519907,36.28,211.22248284519907
54,46,247.50247100199903,36.28,211.22247100199903
54,47,247.502464450322,36.28,211.222464450322
54,48,246.80243781108925,35.58,211.22243781108926
54,49,246.80245592307966,35.58,211.22245592307968
54,50,246.80289141226916,35.58,211.22289141226918
54,51,246.80289138970534,35.58,211.22289138970535
54,52,35.72485770041213,35.22,0.5048577004121313
54,53,246.44289117759521,35.22,211.22289117759522
54,54,35.719582000611375,35.22,0.49958200061137603
54,55,35.719787323852984,35.22,0.49978732385298485
54,56,35.41959836377234,34.92,0.4995983637723356
54,57,35.41619734001105,34.92,0.49619734001105087
54,58,681.8280310265812,34.92,646.9080310265813
54,59,3510.774350427678,34.92,3475.854350427678
54,60,5770.150431265071,34.76,5735.390431265071
54,61,5222.040032139199,34.76,5187.280032139199
54,62,5440.303468712923,34.76,5405.543468712923
54,63,8717.244072123489,34.76,8682.484072123489
54,64,2343.795146590906,40.47,2303.325146590906
54,65,2047.303256297682,40.47,2006.833256297682
54,66,3207.888323037013,40.47,3167.418323037013
54,67,1832.5952219295243,40.47,1792.1252219295243
54,68,3388.5604934065277,48.01,3340.5504934065275
54,69,1937.7021494128192,48.01,1889.6921494128192
54,70,2045.5122279710163,48.01,1997.5022279710163
54,71,3647.9001950027387,48.01,3599.8901950027384
54,72,1367.1432883091122,51.61,1315.5332883091123
54,73,1548.930902846425,51.61,1497.320902846425
54,74,3938.220805133688,51.61,3886.610805133688
54,75,1664.4483194002528,51.61,1612.8383194002529
54,76,845.4512255302508,47.16,798.2912255302508
54,77,1615.5697267270393,47.16,1568.4097267270392
54,78,4371.20159224382,47.16,4324.041592243821
54,79,2164.454374845948,47.16,2117.2943748459484
54,80,248.3528915991967,37.13,211.2228915991967
54,81,248.35289168740294,37.13,211.22289168740295
54,82,248.35289142820835,37.13,211.22289142820836
54,83,248.3528912084426,37.13,211.2228912084426
54,84,1281.5685426002706,34.69,1246.8785426002705
54,85,293.97853762225935,34.69,259.28853762225935
54,86,35.0013814155096,34.69,0.31138141550960086
54,87,34.915291122371826,34.69,0.22529112237182858
54,88,31.966887017799785,31.8,0.16688701779978388
54,89,31.919121010164076,31.8,0.11912101016407561
54,90,31.876887533031145,31.8,0.07688753303114382
54,91,31.83774750294398,31.8,0.03774750294397933
54,92,239.97680002984308,26.21,213.76680002984307
54,93,618.8074981989915,26.21,592.5974981989915
54,94,2793.194901592584,26.21,2766.984901592584
54,95,936.4813574628274,26.21,910.2713574628274
56,0,49.348527867465236,31.0,18.348527867465236
56,1,40.70472295604452,31.0,9.70472295604452
56,2,40.2858922890402,31.0,9.285892289040198
56,3,40.70961217001154,31.0,9.709612170011539
56,4,31.299323042768624,30.94,0.35932304276862226
56,5,42.75924645456078,30.94,11.81924645456078
56,6,37.353215503064504,30.94,6.413215503064503
56,7,38.99798867805691,30.94,8.057988678056912
56,8,32.64383382300838,31.32,1.3238338230083784
56,9,32.643833823691836,31.32,1.3238338236918352
56,10,32.643833824026665,31.32,1.3238338240266643
56,11,32.6438338241573,31.32,1.3238338241572976
56,12,39.58831207582827,29.03,10.558312075828269
56,13,37.30690868034843,29.03,8.276908680348427
56,14,29.387109783456268,29.03,0.3571097834562664
56,15,36.013720943254214,29.03,6.983720943254212
56,16,33.50846801542814,28.2,5.308468015428144
56,17,35.07405978188344,28.2,6.874059781883442
56,18,36.01382441114111,28.2,7.813824411141109
56,19,34.89673769131993,28.2,6.696737691319928
56,20,46.93037316250288,43.75,3.1803731625028817
56,21,46.93037691275289,43.75,3.180376912752891
56,22,46.930378898308874,43.75,3.1803788983088737
56,23,46.93038018239065,43.75,3.1803801823906497
56,24,54.970381220322096,51.79,3.180381220322097
56,25,54.97038196111981,51.79,3.1803819611198136
56,26,54.97038245167805,51.79,3.1803824516780494
56,27,54.97038289068384,51.79,3.1803828906838376
56,28,55.5803832713115,52.4,3.1803832713114986
56,29,55.58049953443786,52.4,3.180499534437864
56,30,55.58049709613337,52.4,3.1804970961333723
56,31,55.580498895036264,52.4,3.1804988950362656
56,32,52.60049552637998,49.42,3.1804955263799783
56,33,52.60038363757323,49.42,3.180383637573229
56,34,52.60038364032516,49.42,3.180383640325161
56,35,52.600483780017164,49.42,3.1804837800171626
56,36,52.56048186773137,49.38,3.180481867731366
56,37,52.56048210173352,49.38,3.180482101733517
56,38,52.5604805630161,49.38,3.180480563016097
56,39,52.56047831212436,49.38,3.1804783121243574
56,40,49.56047839197462,46.38,3.180478391974617
56,41,49.56048307731367,46.38,3.180483077313667
56,42,49.560480577194625,46.38,3.180480577194622
56,43,49.56048859722673,46.38,3.180488597226727
56,44,39.4604852254524,36.28,3.1804852254524008
56,45,39.460486670591344,36.28,3.1804866705913426
56,46,39.46048824883395,36.28,3.180488248833946
56,47,39.46048727705982,36.28,3.180487277059818
56,48,38.76038381649277,35.58,3.180383816492771
56,49,38.76038363508971,35.58,3.1803836350897114
56,50,38.76038363029105,35.58,3.180383630291054
56,51,38.760383630050576,35.58,3.180383630050578
56,52,38.40038362617674,35.22,3.1803836261767415
56,53,38.40038362352819,35.22,3.1803836235281935
56,54,38.40038362746205,35.22,3.1803836274620494
56,55,38.40038362670272,35.22,3.180383626702721
56,56,38.1003836261413,34.92,3.1803836261412997
56,57,38.100383625749686,34.92,3.180383625749684
56,58,37.26187909721477,34.92,2.341879097214772
56,59,51.88295069378397,34.92,16.962950693783966
56,60,94.9368613033048,34.76,60.1768613033048
56,61,66.45021233967762,34.76,31.690212339677622
56,62,52.654150287236234,34.76,17.894150287236236
56,63,108.03251708004319,34.76,73.2725170800432
56,64,49.57620402430223,40.47,9.10620402430223
56,65,48.77419572458538,40.47,8.304195724585384
56,66,225.50444537879022,40.47,185.03444537879022
56,67,48.15577071469165,40.47,7.68577071469165
56,68,60.0299861384581,48.01,12.019986138458101
56,69,55.94682869964494,48.01,7.936828699644941
56,70,56.271935174679726,48.01,8.261935174679728
56,71,407.716591223847,48.01,359.706591223847
56,72,57.94301488809295,51.61,6.333014888092947
56,73,128.08152648067153,51.61,76.47152648067153
56,74,187.52202917130467,51.61,135.91202917130465
56,75,58.78970150077613,51.61,7.179701500776133
56,76,52.022698281108276,47.16,4.86269828110828
56,77,54.22462831229437,47.16,7.064628312294374
56,78,62.28521221148901,47.16,15.125212211489014
56,79,55.77246657577847,47.16,8.612466575778477
56,80,40.31038362005311,37.13,3.1803836200531066
56,81,40.310383618527396,37.13,3.1803836185273937
56,82,40.3103836073582,37.13,3.180383607358195
56,83,40.31038355188763,37.13,3.18038355188763
56,84,38.43565832300847,34.69,3.7456583230084703
56,85,39.76911960121717,34.69,5.079119601217172
56,86,34.80867409496283,34.69,0.11867409496283443
56,87,34.7701841414472,34.69,0.08018414144720509
56,88,31.854358007227393,31.8,0.05435800722739259
56,89,31.83318699434276,31.8,0.033186994342759846
56,90,31.83318697136754,31.8,0.03318697136753812
56,91,31.816138518037388,31.8,0.016138518037386973
56,92,51.46460892220224,26.21,25.254608922202237
56,93,52.09950013414823,26.21,25.88950013414823
56,94,86.36026386469486,26.21,60.15026386469486
56,95,57.870373785481625,26.21,31.660373785481625
60,0,50.75185569357768,31.0,19.75185569357768
60,1,42.123718205097056,31.0,11.123718205097056
60,2,41.71710408743937,31.0,10.717104087439367
60,3,42.12876677816725,31.0,11.128766778167247
60,4,31.482097776562934,30.94,0.5420977765629331
60,5,43.75248791309846,30.94,12.812487913098462
60,6,37.599295796156966,30.94,6.6592957961569645
60,7,39.40931834274596,30.94,8.46931834274596
60,8,34.05322690635099,31.32,2.7332269063509926
60,9,34.05322690627787,31.32,2.7332269062778707
60,10,34.05322690633797,31.32,2.7332269063379684
60,11,34.053226906293176,31.32,2.7332269062931758
60,12,40.374906430937486,29.03,11.344906430937485
60,13,37.74551786463378,29.03,8.715517864633782
60,14,29.571080842700482,29.03,0.541080842700481
60,15,36.31205133623341,29.03,7.282051336233408
60,16,33.641577131511724,28.2,5.441577131511725
60,17,35.3613862486732,28.2,7.1613862486732
60,18,36.39745098293048,28.2,8.19745098293048
60,19,35.16842012873589,28.2,6.96842012873589
60,20,46.48322691011122,43.75,2.7332269101112203
60,21,46.48322691150164,43.75,2.7332269115016388
60,22,46.48322691271787,43.75,2.7332269127178677
60,23,46.483226914520294,43.75,2.7332269145202943
60,24,54.523226921417574,51.79,2.7332269214175753
60,25,54.52322691628662,51.79,2.7332269162866183
60,26,54.52322691731119,51.79,2.7332269173111925
60,27,54.52322691809729,51.79,2.7332269180972943
60,28,55.133226918851626,52.4,2.733226918851628
60,29,55.13322692173971,52.4,2.733226921739714
60,30,55.13322692070121,52.4,2.733226920701213
60,31,55.13322692079194,52.4,2.7332269207919424
60,32,52.153226921178366,49.42,2.733226921178364
60,33,52.15322692186875,49.42,2.7332269218687486
60,34,52.15322692249571,49.42,2.73322692249571
60,35,52.15322692301304,49.42,2.733226923013035
60,36,52.11322692353322,49.38,2.7332269235332163
60,37,52.11322692387481,49.38,2.7332269238748097
60,38,52.11322692436102,49.38,2.73322692436102
60,39,52.11322692457318,49.38,2.733226924573181
60,40,49.113226925241456,46.38,2.7332269252414534
60,41,49.11322692563794,46.38,2.7332269256379362
60,42,49.113226925787814,46.38,2.733226925787811
60,43,49.113226925962074,46.38,2.7332269259620716
60,44,39.013226926415314,36.28,2.7332269264153126
60,45,39.013226926742185,36.28,2.7332269267421836
60,46,39.01322692708658,36.28,2.7332269270865766
60,47,39.01322692773732,36.28,2.73322692773732
60,48,38.313226927678635,35.58,2.7332269276786363
60,49,38.31322692794109,35.58,2.7332269279410895
60,50,38.313226928317654,35.58,2.733226928317656
60,51,38.31322692893823,35.58,2.7332269289382296
60,52,37.953226928576214,35.22,2.733226928576215
60,53,37.953226930106624,35.22,2.7332269301066248
60,54,37.95322693462461,35.22,2.7332269346246107
60,55,37.95322693069815,35.22,2.7332269306981516
60,56,37.6532269301819,34.92,2.7332269301818997
60,57,37.653226933527094,34.92,2.7332269335270922
60,58,39.20955377122859,34.92,4.28955377122859
60,59,51.69840186262998,34.92,16.778401862629977
60,60,52.95798025030331,34.76,18.19798025030331
60,61,66.0013262603858,34.76,31.241326260385797
60,62,52.383904962829405,34.76,17.623904962829407
60,63,107.51913463211997,34.76,72.75913463211998
60,64,49.12468113510559,40.47,8.65468113510559
60,65,48.32244537205965,40.47,7.852445372059648
60,66,224.90769528226508,40.47,184.43769528226508
60,67,47.70666907249245,40.47,7.236669072492454
60,68,59.57992879026842,48.01,11.56992879026842
60,69,55.49976274250266,48.01,7.489762742502663
60,70,55.82250841354342,48.01,7.812508413543419
60,71,406.9286223718231,48.01,358.9186223718231
60,72,57.49454628740669,51.61,5.8845462874066925
60,73,127.60533279854496,51.61,75.99533279854496
60,74,186.9889982893729,51.61,135.37899828937287
60,75,58.34028638344988,51.61,6.730286383449879
60,76,51.57581761681693,47.16,4.4158176168169305
60,77,53.77372002577476,47.16,6.613720025774761
60,78,61.822632240534716,47.16,14.66263224053472
60,79,55.322374302009294,47.16,8.162374302009297
60,80,39.86322692382432,37.13,2.7332269238243185
60,81,39.863226922163115,37.13,2.7332269221631122
60,82,39.86322692009996,37.13,2.733226920099959
60,83,39.86322691774305,37.13,2.733226917743046
60,84,40.42539147722184,34.69,5.735391477221839
60,85,41.77170029570492,34.69,7.08170029570492
60,86,37.423226904940485,34.69,2.733226904940487
60,87,37.42322689533257,34.69,2.733226895332571
60,88,34.53322688150923,31.8,2.7332268815092284
60,89,34.53322685636854,31.8,2.7332268563685425
60,90,34.533226808005764,31.8,2.733226808005764
60,91,34.53322664804958,31.8,2.733226648049577
60,92,54.1894597468996,26.21,27.9794597468996
60,93,54.816389810742706,26.21,28.606389810742705
60,94,89.04963589298639,26.21,62.83963589298639
60,95,60.58222386188771,26.21,34.37222386188771
62,0,49.39060812585558,31.0,18.39060812585558
62,1,40.708479653080104,31.0,9.708479653080104
62,2,40.29329675280819,31.0,9.293296752808189
62,3,40.711198163629035,31.0,9.711198163629035
62,4,31.222849409388143,30.94,0.28284940938814174
62,5,42.768116021307975,30.94,11.828116021307974
62,6,37.33982560709171,30.94,6.39982560709171
62,7,38.996407801833925,30.94,8.056407801833924
62,8,32.63627366462316,31.32,1.3162736646231608
62,9,32.63627366367661,31.32,1.3162736636766112
62,10,32.636273665133416,31.32,1.3162736651334157
62,11,32.636273665486165,31.32,1.3162736654861646
62,12,39.59123026134657,29.03,10.561230261346566
62,13,37.30430258196866,29.03,8.274302581968662
62,14,29.314049492991835,29.03,0.2840494929918336
62,15,36.009915227105594,29.03,6.979915227105593
62,16,33.48537663035315,28.2,5.285376630353152
62,17,35.0620611490335,28.2,6.862061149033497
62,18,36.00899170303755,28.2,7.808991703037552
62,19,34.88712170295276,28.2,6.687121702952762
62,20,47.315883045497365,43.75,3.5658830454973653
62,21,47.31589802476779,43.75,3.5658980247677903
62,22,47.31590101225388,43.75,3.5659010122538817
62,23,47.31590282551995,43.75,3.5659028255199487
62,24,55.35590383009538,51.79,3.5659038300953796
62,25,55.355904847518886,51.79,3.565904847518887
62,26,55.35590558604286,51.79,3.5659055860428595
62,27,55.35590596921269,51.79,3.565905969212693
62,28,55.96590621041909,52.4,3.5659062104190937
62,29,55.96621361665947,52.4,3.566213616659475
62,30,55.9662125770159,52.4,3.5662125770159037
62,31,55.96590645535776,52.4,3.565906455357762
62,32,52.98620976687179,49.42,3.5662097668717863
62,33,52.98620743413352,49.42,3.566207434133517
62,34,52.986204704291566,49.42,3.5662047042915646
62,35,52.98620429325769,49.42,3.566204293257691
62,36,52.94620247916215,49.38,3.5662024791621505
62,37,52.94620243004784,49.38,3.566202430047838
62,38,52.94620116735762,49.38,3.566201167357619
62,39,52.946200070582684,49.38,3.5662000705826813
62,40,49.946201356072265,46.38,3.5662013560722627
62,41,49.94620152186391,46.38,3.56620152186391
62,42,49.94620161035526,46.38,3.5662016103552574
62,43,49.946206311245604,46.38,3.566206311245601
62,44,39.8462059006679,36.28,3.566205900667896
62,45,39.8462061998222,36.28,3.566206199822197
62,46,39.84620932665912,36.28,3.56620932665912
62,47,39.846209415553346,36.28,3.5662094155533453
62,48,39.14590646033465,35.58,3.565906460334652
62,49,39.14590645403134,35.58,3.5659064540313423
62,50,39.14621346466266,35.58,3.5662134646626598
62,51,39.14590641747445,35.58,3.5659064174744515
62,52,38.785906431238374,35.22,3.565906431238375
62,53,38.78590643991996,35.22,3.5659064399199636
62,54,38.78590643630632,35.22,3.565906436306321
62,55,38.78590643929273,35.22,3.565906439292732
62,56,38.485906440913304,34.92,3.5659064409133023
62,57,38.4859064469578,34.92,3.565906446957797
62,58,40.04825246661084,34.92,5.128252466610839
62,59,52.56450576669994,34.92,17.644505766699936
62,60,95.56899418229916,34.76,60.808994182299166
62,61,66.97692900278044,34.76,32.21692900278044
62,62,53.271732373622974,34.76,18.511732373622976
62,63,108.8462104805499,34.76,74.08621048054991
62,64,49.99664715530733,40.47,9.52664715530733
62,65,49.21130038037961,40.47,8.741300380379613
62,66,63.71107224693854,40.47,23.241072246938543
62,67,48.58014434157826,40.47,8.110144341578263
62,68,60.48746449431188,48.01,12.477464494311882
62,69,56.357890756884046,48.01,8.347890756884048
62,70,56.69840100760781,48.01,8.688401007607816
62,71,71.25005836049974,48.01,23.240058360499738
62,72,58.34859065835174,51.61,6.73859065835174
62,73,357.06201353580025,51.61,305.45201353580023
62,74,606.9083426574107,51.61,555.2983426574107
62,75,59.20034377317249,51.61,7.590343773172492
62,76,52.41838174795505,47.16,5.258381747955056
62,77,54.631914971196856,47.16,7.47191497119686
62,78,62.76661256161788,47.16,15.606612561617887
62,79,56.194894331349005,47.16,9.034894331349008
62,80,40.69590642890664,37.13,3.5659064289066364
62,81,40.69590641846846,37.13,3.565906418468458
62,82,40.69590639905665,37.13,3.565906399056651
62,83,40.69590631746738,37.13,3.5659063174673804
62,84,38.083186280242145,34.69,3.3931862802421477
62,85,39.436189728744,34.69,4.746189728744
62,86,35.06012706355237,34.69,0.3701270635523741
62,87,35.0601269472534,34.69,0.37012694725340367
62,88,31.834783822207363,31.8,0.03478382220736265
62,89,31.834783790978875,31.8,0.03478379097887441
62,90,31.834783690290486,31.8,0.034783690290485225
62,91,31.834782702741045,31.8,0.03478270274104389
62,92,51.529737705505745,26.21,25.319737705505744
62,93,52.16168221424657,26.21,25.951682214246567
62,94,86.61362387395266,26.21,60.40362387395266
62,95,57.95574133030941,26.21,31.745741330309407
65,0,49.48174348767273,31.0,18.48174348767273
65,1,40.73927552388396,31.0,9.739275523883961
65,2,40.329091712871396,31.0,9.329091712871396
65,3,40.74060000409267,31.0,9.74060000409267
65,4,31.21716393230115,30.94,0.2771639323011499
65,5,42.8101668722304,30.94,11.870166872230396
65,6,37.348880564987205,30.94,6.408880564987204
65,7,39.01330282468186,30.94,8.073302824681857
65,8,32.646015311745835,31.32,1.3260153117458344
65,9,32.646015312369265,31.32,1.3260153123692646
65,10,32.64601531266276,31.32,1.3260153126627614
65,11,32.646015311210725,31.32,1.3260153112107247
65,12,39.625750053177434,29.03,10.595750053177433
65,13,37.32034630705898,29.03,8.290346307058982
65,14,29.308107975179155,29.03,0.27810797517915375
65,15,36.025671083719125,29.03,6.995671083719124
65,16,33.48802283908049,28.2,5.288022839080494
65,17,35.06590372725444,28.2,6.865903727254437
65,18,36.02006077448045,28.2,7.820060774480449
65,19,34.894344188124826,28.2,6.694344188124827
65,20,73.38904678340174,43.75,29.63904678340174
65,21,73.3890468884735,43.75,29.6390468884735
65,22,73.38904697053232,43.75,29.63904697053232
65,23,73.38904700697012,43.75,29.639047006970117
65,24,81.42904703565796,51.79,29.63904703565796
65,25,81.42904706243561,51.79,29.639047062435615
65,26,81.42904707297305,51.79,29.63904707297305
65,27,81.42904707803778,51.79,29.639047078037784
65,28,82.03904708089897,52.4,29.63904708089897
65,29,82.03904708633169,52.4,29.639047086331693
65,30,82.0390470859592,52.4,29.6390470859592
65,31,82.03904708844519,52.4,29.63904708844519
65,32,79.05864430601272,49.42,29.638644306012722
65,33,79.05864248618525,49.42,29.638642486185248
65,34,79.05863917007092,49.42,29.638639170070917
65,35,79.05863081046033,49.42,29.638630810460327
65,36,79.0190471021164,49.38,29.6390471021164
65,37,79.01904711637913,49.38,29.639047116379125
65,38,79.01863048200624,49.38,29.638630482006242
65,39,79.01904710344174,49.38,29.639047103441733
65,40,76.01904712062907,46.38,29.639047120629066
65,41,76.0186355914679,46.38,29.638635591467896
65,42,76.01863165520113,46.38,29.63863165520113
65,43,76.01904712523978,46.38,29.639047125239777
65,44,65.91904709017795,36.28,29.639047090177954
65,45,65.91904709047053,36.28,29.639047090470527
65,46,65.91904709074603,36.28,29.639047090746033
65,47,65.91904709322324,36.28,29.63904709322324
65,48,65.21904708989577,35.58,29.63904708989577
65,49,65.21904708991548,35.58,29.63904708991548
65,50,65.21904711621445,35.58,29.639047116214456
65,51,65.21904709386966,35.58,29.639047093869664
65,52,35.7172555206038,35.22,0.49725552060380096
65,53,64.85904708395546,35.22,29.63904708395546
65,54,35.71799337947807,35.22,0.49799337947806777
65,55,35.718015565258746,35.22,0.498015565258747
65,56,35.41786646772123,34.92,0.4978664677212308
65,57,35.4189937436962,34.92,0.49899374369619665
65,58,37.22033366536855,34.92,2.300333665368548
65,59,52.23227009246883,34.92,17.31227009246883
65,60,104.52463585617022,34.76,69.76463585617023
65,61,69.78285950516093,34.76,35.02285950516093
65,62,53.278299078523084,34.76,18.518299078523086
65,63,121.65568213411768,34.76,86.89568213411769
65,64,76.14430379016852,40.47,35.67430379016852
65,65,75.47233081765154,40.47,35.00233081765154
65,66,2139.902396801109,40.47,2099.432396801109
65,67,74.80053221532384,40.47,34.33053221532384
65,68,86.88732892189995,48.01,38.87732892189995
65,69,82.48494602125135,48.01,34.47494602125135
65,70,82.94090277291878,48.01,34.93090277291878
65,71,3608.85473075578,48.01,3560.84473075578
65,72,84.48203648353302,51.61,32.87203648353302
65,73,856.6734177940298,51.61,805.0634177940298
65,74,1503.9331355171262,51.61,1452.3231355171263
65,75,85.35317917671588,51.61,33.743179176715884
65,76,78.52292713253955,47.16,31.362927132539554
65,77,80.74586415680909,47.16,33.585864156809095
65,78,89.33968881726523,47.16,42.17968881726523
65,79,82.4300558552527,47.16,35.27005585525271
65,80,66.7690470842688,37.13,29.639047084268803
65,81,66.76904708553927,37.13,29.639047085539268
65,82,66.76904707760242,37.13,29.63904707760242
65,83,66.76904706610786,37.13,29.639047066107857
65,84,38.52264001645357,34.69,3.832640016453574
65,85,39.85566428627628,34.69,5.165664286276282
65,86,34.79755818462222,34.69,0.10755818462222067
65,87,34.754718474588756,34.69,0.06471847458875857
65,88,31.835800747508397,31.8,0.03580074750839657
65,89,31.835800713061033,31.8,0.035800713061032496
65,90,31.835800679001597,31.8,0.035800679001596336
65,91,31.81728439157473,31.8,0.01728439157473005
65,92,51.674922700129656,26.21,25.464922700129655
65,93,52.28694292663627,26.21,26.07694292663627
65,94,87.12367835102711,26.21,60.91367835102711
65,95,58.128357273751845,26.21,31.918357273751845
68,0,80.04737457314249,31.0,49.04737457314249
68,1,41.371236726605375,31.0,10.371236726605375
68,2,70.89643894337817,31.0,39.89643894337817
68,3,71.29074938421587,31.0,40.29074938421587
68,4,31.436493123760545,30.94,0.4964931237605441
68,5,43.85404768128733,30.94,12.914047681287325
68,6,37.581329362132706,30.94,6.641329362132705
68,7,39.403528255454205,30.94,8.463528255454204
68,8,63.17634163059826,31.32,31.85634163059826
68,9,63.176341630592404,31.32,31.856341630592404
68,10,63.17634163074306,31.32,31.85634163074306
68,11,63.176341630781664,31.32,31.856341630781664
68,12,40.41117968226862,29.03,11.381179682268616
68,13,37.731670763111836,29.03,8.701670763111835
68,14,29.529598917480882,29.03,0.49959891748088125
68,15,36.310390075692546,29.03,7.280390075692544
68,16,33.61548565686476,28.2,5.415485656864764
68,17,35.333264754294184,28.2,7.133264754294185
68,18,36.37936003199957,28.2,8.179360031999568
68,19,35.15364532344147,28.2,6.953645323441467
68,20,75.60634163921665,43.75,31.85634163921665
68,21,75.60634164277307,43.75,31.856341642773074
68,22,75.60634164600458,43.75,31.85634164600458
68,23,75.60634164981718,43.75,31.856341649817182
68,24,83.64634166045866,51.79,31.85634166045866
68,25,83.64634165424197,51.79,31.856341654241966
68,26,83.6463416562263,51.79,31.8563416562263
68,27,83.64634165788212,51.79,31.85634165788212
68,28,84.25634165942014,52.4,31.856341659420146
68,29,84.25634166338246,52.4,31.85634166338246
68,30,84.25634166262196,52.4,31.856341662621965
68,31,84.25634166319067,52.4,31.85634166319067
68,32,81.27634166400702,49.42,31.85634166400702
68,33,81.27634166516602,49.42,31.856341665166013
68,34,81.27634166622964,49.42,31.85634166622964
68,35,81.27634166711067,49.42,31.85634166711067
68,36,81.23634166801861,49.38,31.856341668018608
68,37,81.23634166872684,49.38,31.856341668726834
68,38,81.23634166955011,49.38,31.856341669550112
68,39,81.23634167006165,49.38,31.856341670061646
68,40,78.23634167107231,46.38,31.856341671072308
68,41,78.23634167180465,46.38,31.85634167180465
68,42,78.23634167219527,46.38,31.856341672195263
68,43,78.23634167267497,46.38,31.856341672674965
68,44,68.13634167338104,36.28,31.85634167338104
68,45,68.13634167396158,36.28,31.85634167396158
68,46,68.13634167455909,36.28,31.85634167455909
68,47,68.13634167546398,36.28,31.85634167546398
68,48,67.43634167556763,35.58,31.856341675567634
68,49,67.43634167605632,35.58,31.856341676056317
68,50,67.43634167664949,35.58,31.856341676649492
68,51,67.43634167754578,35.58,31.856341677545785
68,52,67.07634167731811,35.22,31.856341677318113
68,53,67.07634167919913,35.22,31.856341679199133
68,54,67.07634168535341,35.22,31.856341685353414
68,55,67.07634168016315,35.22,31.856341680163155
68,56,66.77634167965664,34.92,31.856341679656637
68,57,66.77634168402062,34.92,31.85634168402062
68,58,68.35403782688084,34.92,33.43403782688084
68,59,81.00265040035916,34.92,46.08265040035916
68,60,125.04971627326586,34.76,90.28971627326587
68,61,95.81180472009922,34.76,61.05180472009922
68,62,81.71972008540652,34.76,46.95972008540652
68,63,138.98009937435418,34.76,104.22009937435419
68,64,78.42740708098006,40.47,37.95740708098006
68,65,77.729765732381,40.47,37.259765732381
68,66,3091.070768917392,40.47,3050.600768917392
68,67,77.04810906866938,40.47,36.57810906866938
68,68,89.16376412943754,48.01,41.15376412943754
68,69,84.75597770238329,48.01,36.74597770238329
68,70,85.18897717061245,48.01,37.17897717061245
68,71,6135.213548289693,48.01,6087.203548289693
68,72,86.7361720729615,51.61,35.126172072961495
68,73,1212.0355074224374,51.61,1160.4255074224375
68,74,2155.8620308769164,51.61,2104.2520308769163
68,75,87.62143438862797,51.61,36.011434388627976
68,76,80.76249188672367,47.16,33.60249188672367
68,77,83.01035013969042,47.16,35.85035013969042
68,78,91.6587382630238,47.16,44.49873826302381
68,79,84.68581642399164,47.16,37.52581642399164
68,80,68.98634167529704,37.13,31.85634167529704
68,81,68.98634167390162,37.13,31.856341673901618
68,82,68.98634167219888,37.13,31.856341672198873
68,83,68.98634167034675,37.13,31.856341670346744
68,84,69.65175493947734,34.69,34.961754939477345
68,85,71.00799496956617,34.69,36.31799496956617
68,86,66.54634166083036,34.69,31.856341660830367
68,87,66.54634165411345,34.69,31.85634165411345
68,88,63.656341645565774,31.8,31.856341645565774
68,89,63.656341631898556,31.8,31.856341631898555
68,90,63.65634161086939,31.8,31.85634161086939
68,91,63.6563415746285,31.8,31.856341574628498
68,92,60.4089825877386,26.21,34.1989825877386
68,93,57.80157996503873,26.21,31.591579965038726
68,94,96.3066515725856,26.21,70.09665157258559
68,95,64.83341425664153,26.21,38.62341425664153
74,0,62.95846815304158,31.0,31.95846815304158
74,1,54.1868743019078,31.0,23.1868743019078
74,2,53.79191567719553,31.0,22.791915677195533
74,3,54.18291012476553,31.0,23.182910124765527
74,4,45.686307687991565,30.94,14.746307687991564
74,5,56.2492809058475,30.94,25.309280905847498
74,6,51.01818600365851,30.94,20.078186003658512
74,7,52.53583569170527,30.94,21.595835691705272
74,8,46.066307686681846,31.32,14.746307686681845
74,9,46.066307686268345,31.32,14.746307686268345
74,10,46.06630768614135,31.32,14.74630768614135
74,11,46.066307685951735,31.32,14.746307685951734
74,12,40.41367507178124,29.03,11.38367507178124
74,13,37.7327345601026,29.03,8.702734560102598
74,14,29.523890704345114,29.03,0.4938907043451124
74,15,36.315690374252064,29.03,7.285690374252063
74,16,33.61761914255314,28.2,5.417619142553139
74,17,35.3343648971137,28.2,7.134364897113702
74,18,36.380582284816924,28.2,8.180582284816925
74,19,35.15704775040884,28.2,6.957047750408844
74,20,58.49630768535971,43.75,14.74630768535971
74,21,58.49630768587406,43.75,14.746307685874058
74,22,58.496307685906785,43.75,14.746307685906785
74,23,58.49630768619124,43.75,14.746307686191237
74,24,66.53630768622612,51.79,14.746307686226125
74,25,66.53630768656885,51.79,14.746307686568848
74,26,66.53630768698137,51.79,14.746307686981375
74,27,66.53630768717443,51.79,14.74630768717443
74,28,67.14630768713357,52.4,14.746307687133573
74,29,67.14630768749659,52.4,14.74630768749659
74,30,67.14630768784035,52.4,14.74630768784035
74,31,67.14630768872784,52.4,14.746307688727846
74,32,64.16630768826622,49.42,14.746307688266214
74,33,64.16630768835554,49.42,14.746307688355543
74,34,64.16630768848198,49.42,14.746307688481977
74,35,64.16630768840905,49.42,14.746307688409047
74,36,64.12630768870773,49.38,14.746307688707724
74,37,64.12630768923917,49.38,14.746307689239167
74,38,64.12630768909675,49.38,14.746307689096746
74,39,64.12630768916193,49.38,14.746307689161931
74,40,61.12630768966257,46.38,14.746307689662565
74,41,61.12630769035308,46.38,14.746307690353078
74,42,61.12630769000136,46.38,14.746307690001359
74,43,61.126307690056784,46.38,14.746307690056781
74,44,51.026307690016345,36.28,14.746307690016344
74,45,51.026307689980115,36.28,14.746307689980114
74,46,51.02630769027421,36.28,14.746307690274207
74,47,51.02630769023277,36.28,14.746307690232769
74,48,50.32630769029985,35.58,14.746307690299851
74,49,50.32630769004911,35.58,14.746307690049115
74,50,50.32630769042462,35.58,14.746307690424622
74,51,50.32630769030052,35.58,14.746307690300519
74,52,49.96630769044827,35.22,14.746307690448269
74,53,49.966307690622656,35.22,14.746307690622658
74,54,49.96630769040234,35.22,14.74630769040234
74,55,49.96630769042019,35.22,14.746307690420188
74,56,49.666307690396806,34.92,14.746307690396804
74,57,49.66630769079693,34.92,14.746307690796925
74,58,51.24322968884936,34.92,16.32322968884936
74,59,63.88387540386333,34.92,28.963875403863327
74,60,107.98594421815639,34.76,73.2259442181564
74,61,78.71877946830337,34.76,43.95877946830337
74,62,64.60876366870986,34.76,29.848763668709857
74,63,121.94034959107415,34.76,87.18034959107416
74,64,61.324669925634694,40.47,20.854669925634695
74,65,60.650159476536544,40.47,20.180159476536545
74,66,1852.8370810271526,40.47,1812.3670810271526
74,67,59.959850562603464,40.47,19.489850562603465
74,68,72.09309319959354,48.01,24.08309319959354
74,69,67.65266933772281,48.01,19.642669337722815
74,70,68.09911914557405,48.01,20.089119145574053
74,71,137.8630818258127,48.01,89.85308182581272
74,72,69.63621243583512,51.61,18.02621243583512
74,73,1547.7440100363242,51.61,1496.1340100363243
74,74,2579.4761625216893,51.61,2527.866162521689
74,75,70.52322754940559,51.61,18.91322754940559
74,76,63.65664955022429,47.16,16.49664955022429
74,77,65.93786040576295,47.16,18.77786040576295
74,78,74.60003436723298,47.16,27.440034367232983
74,79,67.59467026803198,47.16,20.43467026803198
74,80,51.87630768377353,37.13,14.74630768377353
74,81,51.876307682028674,37.13,14.746307682028672
74,82,51.876307680313644,37.13,14.746307680313642
74,83,51.87630767753613,37.13,14.74630767753613
74,84,52.5518239538737,34.69,17.861823953873703
74,85,53.90781657069772,34.69,19.21781657069772
74,86,49.436307663198534,34.69,14.746307663198536
74,87,49.436307653253685,34.69,14.746307653253687
74,88,46.54630763660034,31.8,14.746307636600338
74,89,46.546307608127385,31.8,14.746307608127385
74,90,46.54630753668347,31.8,14.74630753668347
74,91,46.54630721536969,31.8,14.746307215369686
74,92,51.727890436942275,26.21,25.517890436942274
74,93,52.34963632142174,26.21,26.13963632142174
74,94,87.702958335411,26.21,61.492958335411
74,95,58.22079732857223,26.21,32.01079732857223
