7,8,9,10,11,12,13,14,15,16,17,18,19,20,21,22,23,24,25,26,27,28,29,30,31,32,33,34,35,36,37,38,39,40,41,42,43,44,45,46,47,48,49,50,51,52,53,54,55,56,57,58,59,60,61,62,63,64,65,66,67,68,69,70,71,72,73,74
0.07382621898931875,0.21949422506041774,0.08542678274722608,0.07249008979855999,0.26790461419037126,0.1930125210521775,0.13680131218581526,0.11385475716255551,0.08288928423608935,0.06419754595458604,0.1210296838162489,0.28032403339124945,0.07659341661813113,0.04104939236519204,0.3340570307501508,0.04135803441305062,0.09353080304265485,0.04094651168257251,0.32113069647984904,0.09682862265966011,0.0917635356235522,0.05591565100371396,0.25954051554488194,0.07367967075935687,0.08765724704872024,0.06646783618452577,0.06059428019059117,0.06260169806193591,0.08572149212570515,0.06860999548455916,0.07754580888194673,0.07085441597746428,0.07776885531209615,0.057047338512528786,0.15894007040456717,0.13824006123522942,0.095761267344149,0.07479490291010395,0.0617331871813833,0.060668629000640975,0.22481683328936553,0.04043210826947487,0.22329608808109472,0.068256210139741,0.11451560567013255,0.05338461538461538,0.18810008332137337,0.09169077737567813,0.039043219054111226,0.2577663128018993,0.11649815119286361,0.08312196963568214,0.1850240003396131,0.05622429305157255,0.10460287805647722,0.11640374426320976,0.21772002231743515,0.03889816566497374,0.09153268982847869,0.1077183067350546,0.08564982917737549,0.05313787257298668,0.07033397430711565,0.06938909329558732,0.06551840917977904,0.0870431891408592,0.0920467564125138,0.06599044382804835
0.021875163785789912,0.12770458508067326,0.1281401741208391,0.10873513469783998,0.15587037694026745,0.1312464486934068,0.09302342823724166,0.033735866401103105,0.024560605887370256,0.0385177941798693,0.03586184139818755,0.16309615600372357,0.010687541964151327,0.024629166470781814,0.1943587103190847,0.024814348173569645,0.14029620456398226,0.024567439236519203,0.18683800149793647,0.013511082462420408,0.02719010127850101,0.03354875182172911,0.15100403593834805,0.1105195061390353,0.13148587057308034,0.09970175427678865,0.09089142028588675,0.09390254709290385,0.025399806544114115,0.009573567001943603,0.11631871332292008,0.1062816239661964,0.11665328296814423,0.034227751398617834,0.10596063364110415,0.09216055111706455,0.14364190101622348,0.11219235436515591,0.00861400441073497,0.09100294350096146,0.13080134753644015,0.024258803065206145,0.1299165582633639,0.02022473582752699,0.03393167988767668,0.061010468510468506,0.12540074989235994,0.012794167882781773,0.023425485402660897,0.14997178178642573,0.034519120347397375,0.12468295445352318,0.10764936155761139,0.033733933524516944,0.030994477589073175,0.03449114699217259,0.12667233092875094,0.008976759753772722,0.012772108972639045,0.031917598311491414,0.12847474376606322,0.03188211649663861,0.10550096146067345,0.02056041609022453,0.019413508526007924,0.02579143351726125,0.0272740213441754,0.0195533753021319
0.032811851574058616,0.07183514207655245,0.15804026311040306,0.13410727287436291,0.08767868957842487,0.14267490005209119,0.10112356150112013,0.050602420713957395,0.036839904964224374,0.04878896149687368,0.0537912963145053,0.09174326459199425,0.07125027976100885,0.031196787880212497,0.10932877281396781,0.031431350195101314,0.17303276848815236,0.031118600441916226,0.10509829677943643,0.09007388308280273,0.04078404057542835,0.04249487271402379,0.08494132273255163,0.13630800760871142,0.16216664073730655,0.12296605328172353,0.1120999255308777,0.11581366539509083,0.038098671648651175,0.06382378001295735,0.14346039549534412,0.13108126261463368,0.14387303325803447,0.04335493453528278,0.11184645545296532,0.09727981629431184,0.17715914611505582,0.13837119642216317,0.057426696071566474,0.11223747145177448,0.07357710279665361,0.030727663250434866,0.07307939973376756,0.030336277094685903,0.050896132940323656,0.05338461538461538,0.1323664167025467,0.0852944525518785,0.029672132833435196,0.08436066915918457,0.05177726961942241,0.1537763395626028,0.06055387265113543,0.042729435028912605,0.04649044954482985,0.051735310729941524,0.0712544885031854,0.0014364167527686038,0.08514739315092698,0.04787509289769933,0.15845290087309338,0.04038381188002445,0.13011844116835622,0.030839783768456624,0.029119469299739995,0.03868609610138368,0.04090991724387103,0.029329263747144462
0.00820251584120153,0.11174151194558908,0.1324136583423049,0.1123614594288488,0.136386579822734,0.11580592369124965,0.08207966111986398,0.012649915734640724,0.009209474307640594,0.03338221052136712,0.013447091187238316,0.14270913650325812,0.05343770982075664,0.021345355766066477,0.17006387152919908,0.02150584716280382,0.14497509329383773,0.021291858633820698,0.1634832513106944,0.06755541231210206,0.010195454472695509,0.029075691375581778,0.13212853144605452,0.11420533978870683,0.1358709340170387,0.10302681510706752,0.09392265583026847,0.0970342039375289,0.0095241488284028,0.04786783500971802,0.12019795095824543,0.109826123934044,0.12054367852571882,0.029664159830285364,0.07935298760943407,0.06901822704874899,0.14843236896857154,0.11593397762607373,0.04307002205367486,0.09403789835275961,0.11445117909438512,0.02102437297259179,0.1136769884804434,0.00758365595036919,0.012723339789485241,0.05338461538461538,0.09391151987752955,0.06397083941390888,0.020302161687273754,0.1312253090631225,0.012943611954018785,0.12884114014507997,0.09419319136290996,0.02923618277231912,0.011621978966817516,0.012933122803326712,0.11083828956265707,0.0014364167527686038,0.06386054486319524,0.011968120939655942,0.13275938590977826,0.0276312688049457,0.10901942627660612,0.007709525758674073,0.007279470580299057,0.009670996938091831,0.01022692192477173,0.0073319163337594246
0.04374853936232733,0.01197164836697626,0.11532687173679003,0.09786222797508293,0.014612046563387882,0.01914672768469193,0.013570609083035874,0.0674689750268117,0.04911920404107851,0.0,0.07172075123082307,0.015289426205399243,0.008905650845172737,0.0,0.018220129962672877,0.0,0.12626736696682495,0.0,0.017515102172007992,0.011258433730997526,0.05437797987235571,0.0,0.014155852110604723,0.09946817222903301,0.11833801721294644,0.08973213518946066,0.08180278543558213,0.08451281636412289,0.05079753675318825,0.007977404472249676,0.10468749105437075,0.09565405462590157,0.1049886056019864,0.0,0.28255992959543286,0.2457599387647706,0.12927851244298136,0.1009737449671112,0.007177825913395157,0.08190315695145402,0.01226195392783827,0.0,0.012179009481877697,0.04044781836184483,0.06786058599297065,0.05147784847784846,0.3343999166786266,0.010661047451393575,0.0,0.014059083590317385,0.06903541889144747,0.11221535474476177,0.01009157425853657,0.0,0.06198642150058655,0.06897947446771048,0.011874879846688923,0.0,0.010642666335098068,0.06383258748390727,0.11562798628440567,0.0,0.0949514540147984,0.04111915144668873,0.03882543007347208,0.051580758685506135,0.05454581314356668,0.03910515219215703
0.032811851574058616,0.10376128834672073,0.10678467014742397,0.09061362349324488,0.1266462838134917,0.08863107636947011,0.06281896885076682,0.050602420713957395,0.036839904964224374,0.025677918292510923,0.0537912963145053,0.1325173035929251,0.07481279374905928,0.016419053523576695,0.15791845039373895,0.016542505053829152,0.11691480856872007,0.016377903013492543,0.1518077971539205,0.09457757723694285,0.04078404057542835,0.022365302230736676,0.1226923317171386,0.09210061628903146,0.10957278163952382,0.08308572246457531,0.07574369553537905,0.07825299587826891,0.038098671648651175,0.06701496901360522,0.09693334287533785,0.08856900839903833,0.09721215402454784,0.022817957841662347,0.23240547608796183,0.20213749222599625,0.11970292006081991,0.09349467203508138,0.060298030875144785,0.07583663258511572,0.10627743968076361,0.016172150463071782,0.1055585392996085,0.030336277094685903,0.050896132940323656,0.05338461538461538,0.2750438533543829,0.0895591751794724,0.015616618576935729,0.12185361460579096,0.05177726961942241,0.10390362160558747,0.08746621304053825,0.022488753760989133,0.04649044954482985,0.051735310729941524,0.1029225712353731,0.0029922532512575758,0.08940476280847331,0.04787509289769933,0.10706348129663394,0.021254238458464567,0.0879184490508817,0.030839783768456624,0.029119469299739995,0.03868609610138368,0.04090991724387103,0.029329263747144462
0.030077679626991444,0.04788921940525246,0.0939713677633749,0.07974071677048783,0.05845139135260029,0.01914672768469193,0.013570609083035874,0.04638578213574383,0.033770080195010856,0.020542334634008744,0.04930893258542587,0.06116105850139634,0.0908434725703329,0.013135242818861359,0.07288451636965676,0.013234004043063324,0.10288597097156277,0.013102322410794037,0.07006425056172617,0.11484339927622064,0.03738555575119652,0.017892241784589345,0.05662651347688051,0.08104928237902917,0.09642492827938991,0.0731161033772473,0.06665506068507444,0.06886326514948796,0.03492395537251692,0.08137475148715062,0.08530212060678852,0.0779414390587435,0.08554747665839003,0.018254366273329884,0.25595228356376276,0.22261761469645505,0.10533953148757778,0.08227606263703668,0.07321852639569659,0.06673684603560828,0.049050505326165054,0.01293772037045743,0.048718709348761456,0.02780839177789618,0.04665501967716192,0.05147784847784846,0.3029106866637962,0.10874966788605382,0.012493294861548586,0.05623941816990964,0.04746273230141616,0.09143602189682606,0.04036851058410427,0.01799100300879131,0.04261645655589069,0.047424269795499296,0.0475021240982816,0.0014364167527686038,0.10856216845866408,0.04388571925114736,0.0942167238149764,0.017003390766771657,0.07736894160500665,0.028269941848898607,0.026692979106306983,0.035462430455353085,0.03750094326894713,0.026885291635891328
0.024609335732857087,0.04788921940525246,0.0939713677633749,0.07974071677048783,0.05845139135260029,0.06546830269116334,0.04640191043516887,0.03795250497931668,0.02763043065658379,0.04622208640872548,0.04034420512726699,0.06116105850139634,0.03918765386855486,0.029555468713271582,0.07288451636965676,0.029777690282544303,0.10288597097156277,0.029481394856847344,0.07006425056172617,0.04954063569554149,0.03058858610273285,0.040259140966574194,0.05662651347688051,0.08104928237902917,0.09642492827938991,0.0731161033772473,0.06665506068507444,0.06886326514948796,0.028574522820248385,0.035103079007126545,0.08530212060678852,0.0779414390587435,0.08554747665839003,0.04107395338724083,0.3089334804414039,0.2686986556953547,0.10533953148757778,0.08227606263703668,0.031584682839361555,0.06673684603560828,0.049050505326165054,0.029111025574726147,0.048718709348761456,0.02275262114431672,0.03817279315083843,0.05338461538461538,0.36561210312714276,0.04691194890353317,0.02811102851299891,0.05623941816990964,0.03883365766540364,0.09143602189682606,0.04036851058410427,0.040481362535846915,0.034868470578012345,0.03880218792661482,0.0475021240982816,0.0029922532512575758,0.04683106623300983,0.0359069719580434,0.0942167238149764,0.03825914684311973,0.07736894160500665,0.023130258009782557,0.021839998719440944,0.02901509916329186,0.03068299531909931,0.021997347413385042
0.02734350767992427,0.0399089958063841,0.11532687173679003,0.09786222797508293,0.04871109534335796,0.01914672768469193,0.013570609083035874,0.042169143557530264,0.030700255425797324,0.028246626862864926,0.044826568856346435,0.0509692255910633,0.05165581870177804,0.01806154506135113,0.06073909523419659,0.018197346152037983,0.12626736696682495,0.01801627803112218,0.05838879640495226,0.06530276358067916,0.033987070926964694,0.024602630929434433,0.04719031374796458,0.09946817222903301,0.11833801721294644,0.08973213518946066,0.08180278543558213,0.08451281636412289,0.03174923909638266,0.04627167248002409,0.10468749105437075,0.09565405462590157,0.1049886056019864,0.025100568261952887,0.16482765233060645,0.14336085729321152,0.12927851244298136,0.1009737449671112,0.04163384355633504,0.08190315695145402,0.04087676591254353,0.017789942879977427,0.040600260167926554,0.025280506461106453,0.042413906414000176,0.05338461538461538,0.19506783316589324,0.06183771898252066,0.0171788379718866,0.046867723712578094,0.0431481949834099,0.11221535474476177,0.033641532261732554,0.024738432020121284,0.038742463566951525,0.04311322886105706,0.039586405770997625,0.0029922532512575758,0.06173110222565425,0.03989634560459538,0.11562798628440567,0.023380421113252777,0.0949514540147984,0.025700099929340584,0.024266488912873967,0.03223876480932247,0.03409196929402322,0.024441319524638187
0.00820251584120153,0.01596307313508416,0.12386907332615607,0.10511083245692093,0.01948379711753344,0.12723437504993404,0.09017979438374246,0.012649915734640724,0.009209474307640594,0.012839875887358378,0.013447091187238316,0.020387019500465457,0.07125027976100885,0.008210112947205117,0.024294838789885597,0.008271843119740495,0.13561992536492978,0.008189536223026659,0.02335475018724207,0.09007388308280273,0.010195454472695509,0.011183449590992434,0.018875504492293513,0.10683572816903451,0.12710325278636903,0.09637854791434597,0.08786187533578518,0.09077263684997684,0.0095241488284028,0.06382378001295735,0.11244163923340363,0.10273910085276478,0.11276505717942494,0.011409793556955481,0.12644660256103593,0.10997847198966658,0.13885410482514274,0.10845281789914099,0.057426696071566474,0.08796968131779229,0.016350168442055026,0.008086652602134363,0.01623956978292049,0.00758365595036919,0.012723339789485241,0.049571081571081574,0.14964518649635622,0.0852944525518785,0.007808866825725167,0.018746472723303223,0.012943611954018785,0.12052708788393603,0.013456170194701429,0.01124517976352781,0.011621978966817516,0.012933122803326712,0.015834041366093874,0.0029922532512575758,0.08514739315092698,0.011968120939655942,0.12419249127217735,0.010627878038174042,0.10198445897871508,0.007709525758674073,0.007279470580299057,0.009670996938091831,0.01022692192477173,0.0073319163337594246
0.038280195468192973,0.0399089958063841,0.1281401741208391,0.10873513469783998,0.04871109534335796,0.05774605401501374,0.04092861913694859,0.059035697870384554,0.042979554502651444,0.03595091909172112,0.06275602377266419,0.0509692255910633,0.08550033571321061,0.02298784730384091,0.06073909523419659,0.023160688261012644,0.14029620456398226,0.02293023365145033,0.05838879640495226,0.10808865969936327,0.04758101022389203,0.03131302007427953,0.04719031374796458,0.1105195061390353,0.13148587057308034,0.09970175427678865,0.09089142028588675,0.09390254709290385,0.04444810420091972,0.07658853601554882,0.11631871332292008,0.1062816239661964,0.11665328296814423,0.0319467702505759,0.12644660256103593,0.10997847198966658,0.14364190101622348,0.11219235436515591,0.06891203528587976,0.09100294350096146,0.04087676591254353,0.022642165389497437,0.040600260167926554,0.03539204772826537,0.05937835946664716,0.0591037016037016,0.14964518649635622,0.10235334306225419,0.02186438108222462,0.046867723712578094,0.060406344255434945,0.12468295445352318,0.033641532261732554,0.03148586103145127,0.054238435522708205,0.06035739259882601,0.039586405770997625,0.0029922532512575758,0.10217687178111236,0.055853840190803306,0.12847474376606322,0.029757451459733904,0.10550096146067345,0.03597946760757268,0.03397244968660604,0.04513342739344491,0.04772786519371886,0.03421720796965075
0.05741939909766321,0.01995449790319206,0.14095585993167095,0.11961006391068683,0.024355547671678992,0.06948434868477824,0.04924835976773099,0.08855216791787957,0.06446832788714615,0.028246626862864926,0.09413256987622023,0.02548461279553166,0.0,0.01806154506135113,0.03036954761709831,0.018197346152037983,0.1543276516919426,0.01801627803112218,0.02919439820247614,0.0,0.07137040399351488,0.024602630929434433,0.0235951568739823,0.12157289572870837,0.14463616959046133,0.10967322783195285,0.09998174573047156,0.10329402442338288,0.06667111813385958,0.0,0.1279520991372783,0.11691117016090723,0.12832013010315738,0.025100568261952887,0.07935298760943407,0.06901822704874899,0.15800796135073297,0.12341305055810355,0.0,0.1001044227190979,0.020438382956271775,0.017789942879977427,0.020300130083963284,0.05308724494579347,0.08906615230877937,0.05529016779016778,0.09391151987752955,0.0,0.0171788379718866,0.023433861856289057,0.09060810548147875,0.13715287328425427,0.016820766130866287,0.024738432020121284,0.0813563864452824,0.09053467913992165,0.019793202885498823,0.0014364167527686038,0.0,0.08377945571666716,0.14132389089755,0.023380421113252777,0.11605243124052282,0.05396836104447884,0.050957881040637164,0.06769908691565918,0.07159068301818622,0.05132501274842273
0.013672647944588383,0.06784371730844452,0.11959797253147307,0.10148653021600194,0.08280693902427928,0.03859932633032186,0.02735801005391276,0.02108595066646239,0.015351131579729668,0.0385177941798693,0.02241475021094924,0.086645671296928,0.08371844459423201,0.024629166470781814,0.10325406398675506,0.024814348173569645,0.1309436461658774,0.024567439236519203,0.09925864876420232,0.10583601096794039,0.016994646805805508,0.03354875182172911,0.0802216703508628,0.10315195019903377,0.12272063499965774,0.09305534155190333,0.08483233038568368,0.08764272660704989,0.015875657715711318,0.0749923734858549,0.10856456514388721,0.09919657773933319,0.10887683139070568,0.034227751398617834,0.06169200194549431,0.053657369755537525,0.13406630863406205,0.10471328143312611,0.06747585678853996,0.08493641913462316,0.06948888828243682,0.024258803065206145,0.06901883943272474,0.0126410798771578,0.021208340098191444,0.0591037016037016,0.073010353378303,0.10022022263086598,0.023425485402660897,0.0796732800261987,0.021575508393378597,0.1163712213143489,0.05718927671497055,0.033733933524516944,0.019372498622255666,0.02155802418884588,0.06729532698378042,0.0014364167527686038,0.10004742914357138,0.01994947737183548,0.11991023877829152,0.03188211649663861,0.09846795649675676,0.012850890331550463,0.012134037945708871,0.016120436579169423,0.017047099419403675,0.012221458968372479
0.013672647944588383,0.0399089958063841,0.04698449216829607,0.03986934714019901,0.04871109534335796,0.061762100008628626,0.04377506846951071,0.02108595066646239,0.015351131579729668,0.03595091909172112,0.02241475021094924,0.0509692255910633,0.10687541964151326,0.02298784730384091,0.06073909523419659,0.023160688261012644,0.05144168072037985,0.02293023365145033,0.05838879640495226,0.13511082462420407,0.016994646805805508,0.03131302007427953,0.04719031374796458,0.040523613349679195,0.04821124131107142,0.036557124454705554,0.03332668504539712,0.03443075927389494,0.015875657715711318,0.09573567001943603,0.04264997853048981,0.03896973110216375,0.04277265344476735,0.0319467702505759,0.05298119687764115,0.04608104099889966,0.0526684298631552,0.041136987921066875,0.0861400441073497,0.03336757668348963,0.04087676591254353,0.022642165389497437,0.040600260167926554,0.0126410798771578,0.021208340098191444,0.05338461538461538,0.06270141646334654,0.12794167882781773,0.02186438108222462,0.046867723712578094,0.021575508393378597,0.0457168513874282,0.033641532261732554,0.03148586103145127,0.019372498622255666,0.02155802418884588,0.039586405770997625,0.0014364167527686038,0.12772108972639046,0.01994947737183548,0.04710716708257359,0.029757451459733904,0.03868348963551616,0.012850890331550463,0.012134037945708871,0.016120436579169423,0.017047099419403675,0.012221458968372479
0.016406819891655558,0.0,0.06407127877381093,0.054368578593964885,0.0,0.05002777768900624,0.03545814331779123,0.02530258924467596,0.018420956348943196,0.0051355836585021825,0.026897113940028677,0.0,0.007125027976100886,0.003283810704715338,0.0,0.0033085010107658294,0.07014940704739264,0.0032755806026985076,0.0,0.009007388308280274,0.020393131630037344,0.0044730604461473335,0.0,0.05526078090935303,0.0657441581151637,0.049851804372312424,0.04544655544008347,0.04695214684730096,0.019050373991845584,0.006382378001295737,0.05816043843436449,0.053141800410306195,0.05832772636849977,0.004563591568332468,0.05298119687764115,0.04608104099889966,0.07182228638874541,0.05609722058002942,0.0057426696071566485,0.045502318084795226,0.0,0.0032344300926143554,0.0,0.01516896519394753,0.025449453361353187,0.05338461538461538,0.06270141646334654,0.00852944525518785,0.0031233237153871444,0.0,0.025890045711384858,0.06234263678774641,0.0,0.004497750752197825,0.023246491611194832,0.025869065123288112,0.0,0.0014364167527686038,0.008514739315092699,0.02393885101838746,0.0642385667079462,0.004250847691692912,0.05275146189732388,0.015420732251108484,0.014560528139141887,0.01934410222520003,0.020456073394327583,0.014665431079625618
0.054685227150596025,0.0039914247681079006,0.06407127877381093,0.054368578593964885,0.004871750554145555,0.054043823682621075,0.03830459265035331,0.08433552933966598,0.061398503117932615,0.0385177941798693,0.0896502061471408,0.005097593295066211,0.10687541964151326,0.024629166470781814,0.0060747088272127174,0.024814348173569645,0.07014940704739264,0.024567439236519203,0.005839648015234076,0.13511082462420407,0.06797191916928304,0.03354875182172911,0.004719652381688789,0.05526078090935303,0.0657441581151637,0.049851804372312424,0.04544655544008347,0.04695214684730096,0.0634964018577253,0.09573567001943603,0.05816043843436449,0.053141800410306195,0.05832772636849977,0.034227751398617834,0.0970122131591957,0.0843775534612257,0.07182228638874541,0.05609722058002942,0.0861400441073497,0.045502318084795226,0.004088214514216753,0.024258803065206145,0.004060560301042795,0.050559359629003736,0.08482503904561763,0.061010468510468506,0.11481060334242299,0.12794167882781773,0.023425485402660897,0.004687389132985837,0.0862935681634725,0.06234263678774641,0.0033645959361648585,0.033733933524516944,0.07748239345634322,0.08622363820547942,0.00395916151940495,0.0029922532512575758,0.12772108972639046,0.07979008207011516,0.0642385667079462,0.03188211649663861,0.05275146189732388,0.05139851912492081,0.04853139084720414,0.06447542126962856,0.0681817090432623,0.04888104063716959
0.032811851574058616,0.01995449790319206,0.03844229057893001,0.03262074265836097,0.024355547671678992,0.0,0.0,0.050602420713957395,0.036839904964224374,0.01797545954586056,0.0537912963145053,0.02548461279553166,0.08015593060618159,0.011493923651920455,0.03036954761709831,0.011580344130506322,0.042089122322274984,0.011465116825725164,0.02919439820247614,0.10133231681380027,0.04078404057542835,0.015656510037139765,0.0235951568739823,0.03315605740967767,0.03944600573764881,0.029910711729820218,0.027267595145194043,0.028170938788040965,0.038098671648651175,0.07180118448520705,0.034895830351456915,0.03188468487530052,0.034996201867328804,0.01597338512528795,0.044032776395732685,0.03829804334306082,0.04309283748099378,0.033657914989037065,0.06460452198496164,0.02730105231715134,0.020438382956271775,0.011321082694748718,0.020300130083963284,0.030336277094685903,0.050896132940323656,0.049571081571081574,0.05211126991340958,0.09595550000327208,0.01093219054111231,0.023433861856289057,0.05177726961942241,0.03740511824825392,0.016820766130866287,0.015742930515725635,0.04649044954482985,0.051735310729941524,0.019793202885498823,0.004428670004026172,0.09579005948602505,0.04787509289769933,0.03854266209480189,0.014878725729866952,0.03165048467159947,0.030839783768456624,0.029119469299739995,0.03868609610138368,0.04090991724387103,0.029329263747144462
0.019140991838722733,0.04788921940525246,0.00854220158936606,0.0072486044818380405,0.05845139135260029,0.05002777768900624,0.03545814331779123,0.029519227822889533,0.021490781118156724,0.025677918292510923,0.03137947766910811,0.06116105850139634,0.08193782172516016,0.016419053523576695,0.07288451636965676,0.016542505053829152,0.009352558398104876,0.016377903013492543,0.07006425056172617,0.10358496554522313,0.023791616454269176,0.022365302230736676,0.05662651347688051,0.007367555940001536,0.008765235573422615,0.006646412724885342,0.00605908990020308,0.00625982048585398,0.02222509026797985,0.07339734701490096,0.007754148179032898,0.007085046226863233,0.007776451577438555,0.022817957841662347,0.05298119687764115,0.04608104099889966,0.009575592382161432,0.007479072932029814,0.06604070048230144,0.006066524366338298,0.049050505326165054,0.016172150463071782,0.048718709348761456,0.017696850510737258,0.02969056662451493,0.05147784847784846,0.06270141646334654,0.09808862043466025,0.015616618576935729,0.05623941816990964,0.030204583029391115,0.008311733139174287,0.04036851058410427,0.022488753760989133,0.027120484600134002,0.030180106057730346,0.0475021240982816,0.0029922532512575758,0.09791950212356601,0.027928224664939435,0.008564504987771714,0.021254238458464567,0.007033004963916703,0.017990574170666507,0.016987018332574905,0.02256776787123064,0.023865047369251487,0.01710940319087876
0.016406819891655558,0.0399089958063841,0.029900088989563953,0.025372138176522938,0.04871109534335796,0.02686500401069948,0.019041084902193275,0.02530258924467596,0.018420956348943196,0.04622208640872548,0.026897113940028677,0.0509692255910633,0.08550033571321061,0.029555468713271582,0.06073909523419659,0.029777690282544303,0.032736563924170105,0.029481394856847344,0.05838879640495226,0.10808865969936327,0.020393131630037344,0.040259140966574194,0.04719031374796458,0.025788501469676133,0.030680770164226198,0.023264299004934878,0.021208505244990968,0.021911118302186987,0.019050373991845584,0.07658853601554882,0.027141682172424023,0.024799638648437292,0.02721975028989025,0.04107395338724083,0.005887581926039301,0.005120796057982087,0.03351724509883235,0.026178842057007257,0.06891203528587976,0.021234527950813042,0.04087676591254353,0.029111025574726147,0.040600260167926554,0.01516896519394753,0.025449453361353187,0.05147784847784846,0.006967749844519897,0.10235334306225419,0.02811102851299891,0.046867723712578094,0.025890045711384858,0.029093385109079637,0.033641532261732554,0.040481362535846915,0.023246491611194832,0.025869065123288112,0.039586405770997625,0.007420923255283751,0.10217687178111236,0.02393885101838746,0.029978157107030175,0.03825914684311973,0.024617479707682768,0.015420732251108484,0.014560528139141887,0.01934410222520003,0.020456073394327583,0.014665431079625618
0.038280195468192973,0.04389779463714456,0.0598001779791279,0.05074427635304587,0.05357964079845473,0.08863107636947011,0.06281896885076682,0.059035697870384554,0.042979554502651444,0.03081350195101312,0.06275602377266419,0.056063465206330126,0.04096827673762671,0.019702864228292042,0.06680980754244403,0.01985100606459499,0.06547312784834021,0.01965348361619106,0.0642246025464921,0.05179168111825874,0.04758101022389203,0.026838362676884022,0.05190686109519172,0.05157700293935226,0.06136154032845239,0.04652859800986975,0.04241701048998193,0.04382223660437397,0.04444810420091972,0.03669810547808048,0.05428336434484804,0.04959927729687458,0.05443950057978049,0.027381549409994828,0.09418722990320369,0.08192048988183515,0.06703449019766469,0.05235768411401451,0.03301983914560006,0.04246905590162608,0.0449622908119483,0.019406580555686146,0.04465814904771866,0.03539204772826537,0.05937835946664716,0.05147784847784846,0.11146733323765329,0.04904355109973889,0.01873994229232288,0.051552029036923804,0.060406344255434945,0.05818677021815927,0.03700391464793941,0.026986504513186967,0.054238435522708205,0.06035739259882601,0.04354296257887665,0.0014364167527686038,0.0489589932530152,0.055853840190803306,0.05995631421406034,0.02550508615015749,0.04923495941536553,0.03597946760757268,0.03397244968660604,0.04513342739344491,0.04772786519371886,0.03421720796965075
0.005468343894134353,0.06385229254033664,0.0512555929629791,0.043493649381118035,0.07793518847013375,0.030881050004314313,0.021887534234755354,0.008433277156427148,0.006139649538427061,0.0719000047012364,0.008964727458158876,0.08154807800186183,0.11756296160566458,0.04597452223684828,0.09717935515954239,0.04632019533637345,0.056117959919432296,0.04585929787033989,0.09341900074896828,0.14862190708662448,0.006796969648463672,0.06262444319731088,0.07550201796917405,0.044207391319679976,0.05259385909778273,0.03988033081714823,0.036356229995498666,0.03756066951682194,0.006349432552268533,0.10530923702137963,0.04652705262000627,0.042512254215595374,0.046660879233486635,0.06389191122890318,0.1617668137747373,0.14069865569535475,0.057456226054235934,0.04487652438708179,0.09475404851808468,0.036400838866658784,0.0654006737682201,0.045283176037797926,0.06495827913168196,0.005055770633579459,0.008482226526323492,0.061010468510468506,0.19144543646047618,0.1407358467105995,0.04372764708993464,0.07498589089321289,0.008629074636012521,0.04987271795701535,0.053824680778805714,0.06297011629683605,0.007747985977878342,0.008622081868884473,0.0633361654643755,0.0029922532512575758,0.14049319869902951,0.00797874729310396,0.05138941957645946,0.059513385301584294,0.04219999211747452,0.005139683839116048,0.004852980386866036,0.0064473312920612195,0.006817947949847819,0.0048879442225062825
0.054685227150596025,0.03192614627016832,0.034171189784246984,0.028996440417441954,0.03896759423506688,0.13896869736955642,0.09849671953546194,0.08433552933966598,0.061398503117932615,0.07703742184194444,0.0896502061471408,0.04077403900093091,0.07659341661813113,0.049259505312397166,0.048589677579771194,0.049629877532791127,0.037412843123222544,0.049136047905599174,0.04670950037448414,0.09682862265966011,0.06797191916928304,0.0670991005947064,0.037751008984587026,0.0294722794396769,0.035063387950937504,0.026587505367377546,0.024238050195092505,0.025041028545113975,0.0634964018577253,0.06860999548455916,0.031018756261940467,0.028342161761868906,0.031107976078609524,0.06845713206948427,0.14128084485480555,0.12288073482275273,0.038305041289913064,0.02991837852302216,0.0617331871813833,0.024267790133982187,0.03270033688411005,0.04851876087160924,0.03247913956584098,0.050559359629003736,0.08482503904561763,0.05147784847784846,0.16720099985647993,0.09169077737567813,0.0468520858798364,0.037492945446606446,0.0862935681634725,0.033249251678666776,0.026912340389402857,0.06746947281510038,0.07748239345634322,0.08622363820547942,0.03166808273218775,0.03435007591522719,0.09153268982847869,0.07979008207011516,0.03426040960091603,0.06376575061116073,0.028133982189641117,0.05139851912492081,0.04853139084720414,0.06447542126962856,0.0681817090432623,0.04888104063716959
0.021875163785789912,0.02793472150206042,0.034171189784246984,0.028996440417441954,0.03409584368092132,0.1349526513759416,0.09565027020289986,0.033735866401103105,0.024560605887370256,0.04622208640872548,0.03586184139818755,0.0356764457058647,0.18524945912871624,0.029555468713271582,0.042514968752558474,0.029777690282544303,0.037412843123222544,0.029481394856847344,0.04086985235925006,0.23419049270658143,0.02719010127850101,0.040259140966574194,0.033031356602898236,0.0294722794396769,0.035063387950937504,0.026587505367377546,0.024238050195092505,0.025041028545113975,0.025399806544114115,0.16594069197494912,0.031018756261940467,0.028342161761868906,0.031107976078609524,0.04107395338724083,0.14128084485480555,0.12288073482275273,0.038305041289913064,0.02991837852302216,0.1493083875949715,0.024267790133982187,0.028612122369893297,0.029111025574726147,0.02841857926479819,0.02022473582752699,0.03393167988767668,0.05338461538461538,0.16720099985647993,0.22176405839970156,0.02811102851299891,0.03280555631362061,0.034519120347397375,0.033249251678666776,0.023547744453237998,0.040481362535846915,0.030994477589073175,0.03449114699217259,0.027708921212782796,0.04787492541874645,0.2213817065748745,0.031917598311491414,0.03426040960091603,0.03825914684311973,0.028133982189641117,0.02056041609022453,0.019413508526007924,0.02579143351726125,0.0272740213441754,0.0195533753021319
0.032811851574058616,0.01596307313508416,0.0,0.0,0.01948379711753344,0.12352817236739926,0.08755295241808426,0.050602420713957395,0.036839904964224374,0.1823214705467538,0.0537912963145053,0.020387019500465457,0.07837530773710974,0.11658055568614546,0.024294838789885597,0.11745710121762024,0.0,0.11628837384232053,0.02335475018724207,0.09908127139108301,0.04078404057542835,0.15880083211884724,0.018875504492293513,0.0,0.0,0.0,0.0,0.0,0.038098671648651175,0.0702061580142531,0.0,0.0,0.0,0.16201483240092143,0.17071347414246762,0.14848012247045883,0.0,0.0,0.06316936567872312,0.0,0.016350168442055026,0.1148274646231959,0.01623956978292049,0.030336277094685903,0.050896132940323656,0.0667307692307692,0.20203349997608003,0.09382389780706635,0.1108830097315594,0.018746472723303223,0.05177726961942241,0.0,0.013456170194701429,0.15967737765032203,0.04649044954482985,0.051735310729941524,0.015834041366093874,0.04931021557014033,0.09366213246601968,0.04787509289769933,0.0,0.15091192233557424,0.0,0.030839783768456624,0.029119469299739995,0.03868609610138368,0.04090991724387103,0.029329263747144462
0.0,0.02793472150206042,0.004271100794683026,0.0036243022409190163,0.03409584368092132,0.7180062605260887,0.5089006560929076,0.0,0.0,0.6804932537257298,0.0,0.0356764457058647,0.06946838864203025,0.4351230901227023,0.042514968752558474,0.43839469230407596,0.004676279199052434,0.4340325560622444,0.04086985235925006,0.08782123435137985,0.0,0.5927052618588688,0.033031356602898236,0.0036837779700007642,0.004382617786711303,0.0033232063624426674,0.0030295449501015364,0.0031299102429269863,0.0,0.062227617483263435,0.003877074089516445,0.0035425231134316127,0.003888225788719273,0.6047011365239058,0.2500664617519017,0.21749834951920785,0.004787796191080711,0.0037395364660149032,0.05599051757422666,0.0030332621831691458,0.028612122369893297,0.42857988575995487,0.02841857926479819,0.0,0.0,0.11058155008155006,0.2959450198536096,0.0831613321204903,0.4138576759437732,0.03280555631362061,0.0,0.004155866569587139,0.023547744453237998,0.5959768640402425,0.0,0.0,0.027708921212782796,0.04787492541874645,0.08301795051338601,0.0,0.004282252493885853,0.5632608422265055,0.003516502481958348,0.0,0.0,0.0,0.0,0.0
0.021875163785789912,0.0399089958063841,0.02562898819488092,0.021747835935603914,0.04871109534335796,0.6021963644846969,0.4268181794939807,0.033735866401103105,0.024560605887370256,0.09501104790559917,0.03586184139818755,0.0509692255910633,0.32240561354370484,0.06075225659348408,0.06073909523419659,0.06120904047764562,0.028060284725117665,0.06059999529876357,0.05838879640495226,0.4075819159866238,0.02719010127850101,0.08275401368059798,0.04719031374796458,0.022104723499675363,0.026298152377514886,0.019941092642492206,0.018178960294889423,0.018781208059259993,0.025399806544114115,0.288800900470522,0.02326460808290757,0.021257115535005672,0.02333152450117097,0.08442888792252361,0.17354021751263776,0.15093871693058414,0.028729448907751632,0.022439305590992345,0.25985426643718623,0.01820126576764389,0.04087676591254353,0.05983868882516101,0.040600260167926554,0.02022473582752699,0.03393167988767668,0.16015384615384615,0.20537885311518284,0.38595512044447633,0.0577831613464341,0.046867723712578094,0.034519120347397375,0.02493751853949249,0.033641532261732554,0.08321079756475952,0.030994477589073175,0.03449114699217259,0.039586405770997625,0.04787492541874645,0.38528968058164104,0.031917598311491414,0.025695904613144315,0.07864295872314417,0.02110097722572441,0.02056041609022453,0.019413508526007924,0.02579143351726125,0.0272740213441754,0.0195533753021319
0.054685227150596025,0.01197164836697626,0.04698449216829607,0.03986934714019901,0.014612046563387882,0.5095532144717543,0.3611555767897148,0.08433552933966598,0.061398503117932615,0.13609755065582244,0.0896502061471408,0.015289426205399243,0.32062499067463307,0.08702391460204031,0.018220129962672877,0.08767822974942407,0.05144168072037985,0.0868058095529124,0.017515102172007992,0.40533087056390665,0.06797191916928304,0.11854009420102483,0.014155852110604723,0.040523613349679195,0.04821124131107142,0.036557124454705554,0.03332668504539712,0.03443075927389494,0.0634964018577253,0.2872058739995681,0.04264997853048981,0.03896973110216375,0.04277265344476735,0.12093924974143197,0.1794260393244989,0.15605798210783145,0.0526684298631552,0.041136987921066875,0.2584191101309478,0.03336757668348963,0.01226195392783827,0.0857152843072728,0.012179009481877697,0.050559359629003736,0.08482503904561763,0.14680769230769228,0.2123445199253696,0.3838235182482707,0.08277086614404586,0.014059083590317385,0.0862935681634725,0.0457168513874282,0.01009157425853657,0.1191944093484086,0.07748239345634322,0.08622363820547942,0.011874879846688923,0.0927564709848606,0.3831617535616358,0.07979008207011516,0.04710716708257359,0.11265125787457098,0.03868348963551616,0.05139851912492081,0.04853139084720414,0.06447542126962856,0.0681817090432623,0.04888104063716959
0.049216883256461674,0.01596307313508416,0.2477405300790949,0.2102236874039317,0.01948379711753344,0.3010961960672775,0.21340768200745894,0.07590225218323884,0.05525885357950556,0.1258263833388181,0.08068547868898192,0.020387019500465457,0.2867804736632004,0.08045629319260965,0.024294838789885597,0.08106122772789243,0.2712424602606627,0.08025464834751539,0.02335475018724207,0.3625449744452225,0.061174949520819366,0.10959397330873018,0.018875504492293513,0.21367351201773982,0.2542089512299851,0.19275895029652815,0.1757254412658506,0.1815470203016518,0.05714696930545678,0.25688901046404333,0.22488544201261615,0.20548017855994555,0.2255322841277052,0.11181206660476703,0.1911994430623994,0.16629804334306084,0.27771088141155287,0.21690772259318492,0.23114091840140305,0.1759410553042136,0.016350168442055026,0.07924642412204409,0.01623956978292049,0.04550358899542428,0.07634281251929413,0.19256524006524,0.22627793658007625,0.34330789416853713,0.07652421871327157,0.018746472723303223,0.07766449352745998,0.2410564948898417,0.013456170194701429,0.11019890784401296,0.06973440747846488,0.07760155633659495,0.015834041366093874,0.12411429364883025,0.3427159840061776,0.07181133477701121,0.24838737219418391,0.10414956249118515,0.2039708802914045,0.04625883528580477,0.0436784104603381,0.058028089977567344,0.06136376109341449,0.043993096414663306
0.00820251584120153,0.01197164836697626,0.17085594892123493,0.14498220208720977,0.014612046563387882,0.40146556710651204,0.2845463914890081,0.012649915734640724,0.009209474307640594,0.11812392459216775,0.013447091187238316,0.015289426205399243,0.22799962698532153,0.07553116332095342,0.018220129962672877,0.07609906680456961,0.18706421561611272,0.07534186215974802,0.017515102172007992,0.28823482255626304,0.010195454472695509,0.10288518111513328,0.014155852110604723,0.1473613971983845,0.17531693975468754,0.13293752683688775,0.12119025097546253,0.12520514272556987,0.0095241488284028,0.2042349599827235,0.15509378130970236,0.14171080880934453,0.15553988039304764,0.10496749388839265,0.23829305801400125,0.20725828828397844,0.19152520644956533,0.14959189261511083,0.18376440523791138,0.12133895066991095,0.01226195392783827,0.07439535635372103,0.012179009481877697,0.00758365595036919,0.012723339789485241,0.2497633892633892,0.28201160319890295,0.27294072993082863,0.07183979067744817,0.014059083590317385,0.012943611954018785,0.1662462583933339,0.01009157425853657,0.10345308459874947,0.011621978966817516,0.012933122803326712,0.011874879846688923,0.192933865225005,0.27247014246543066,0.011968120939655942,0.17130204800458015,0.09777404976258756,0.14066991094820558,0.007709525758674073,0.007279470580299057,0.009670996938091831,0.01022692192477173,0.0073319163337594246
0.03554602352112579,0.0399089958063841,0.055529077184444865,0.04711997411212684,0.04871109534335796,0.9110187815782662,0.6457019682787228,0.05481905929217098,0.03990972973343791,0.47506073997461334,0.05827366004358474,0.0509692255910633,0.33131253263878435,0.30376480007992107,0.06073909523419659,0.3060487459451836,0.06079684864928776,0.3030034847915002,0.05838879640495226,0.418841953026327,0.044182525399660194,0.4137748592567345,0.04719031374796458,0.047893224969351486,0.05697892254174108,0.04320539164742707,0.03938746553988038,0.04069232636144697,0.04127338792478545,0.29677944100151166,0.05040629025533158,0.046056754183442954,0.05055127479106121,0.42214932742936395,0.2736132692277025,0.23797847198966654,0.062246694006583975,0.04861814764799959,0.26703311454168277,0.03943579371845692,0.04087676591254353,0.29919690834939594,0.040600260167926554,0.032864162411475634,0.05513724620348541,0.27454893004893,0.3238118531630228,0.39661768613105247,0.2889191519557144,0.046867723712578094,0.05609180693742868,0.05403090364857212,0.033641532261732554,0.4160588051219971,0.05036444253376903,0.056046351664383764,0.039586405770997625,0.49813243083953024,0.39593386253427476,0.051864466544251316,0.05567406172017448,0.39321934646937146,0.04571845693340717,0.03340962568801465,0.031545959493173015,0.0419097617474143,0.04431889121879495,0.03177323585839761
0.060153571044730375,0.04788921940525246,0.029900088989563953,0.025372138176522938,0.05845139135260029,0.2970841224238048,0.21056404815395974,0.09276880649609313,0.06753815265635968,0.2285435569554793,0.09861493360529966,0.06116105850139634,0.2262190041162497,0.14613602439941706,0.07288451636965676,0.14723479150016455,0.032736563924170105,0.14576976869916788,0.07006425056172617,0.28598377713354584,0.0747688888177467,0.19905997308542148,0.05662651347688051,0.025788501469676133,0.030680770164226198,0.023264299004934878,0.021208505244990968,0.021911118302186987,0.06984583440999384,0.20263993351176962,0.027141682172424023,0.024799638648437292,0.02721975028989025,0.20308878578816228,0.3473145302109746,0.30208104099889976,0.03351724509883235,0.026178842057007257,0.1823292489316729,0.021234527950813042,0.049050505326165054,0.14393849019792207,0.048718709348761456,0.05561513026258319,0.0933072655719411,0.26501631001631,0.41103474979668,0.27080912773462296,0.13899403824455833,0.05623941816990964,0.09492264279948501,0.029093385109079637,0.04036851058410427,0.20015874018616897,0.08523037943422156,0.09484572007436388,0.0475021240982816,0.5475620661553909,0.27034221544542536,0.08776882936321913,0.029978157107030175,0.18917106917869397,0.024617479707682768,0.05653820296403686,0.05338437123407017,0.07092275256168977,0.07499965699311012,0.053768984859675864
0.15858733755765375,0.09178701404239704,0.02562898819488092,0.021747835935603914,0.11203103215105505,0.3125246474259619,0.22150781527133742,0.24457331086257086,0.17805585981537084,0.11041963236331154,0.2599858909832636,0.1172245237077265,0.26896917197285497,0.07060486107846363,0.13969432391210082,0.07113572469559494,0.028060284725117665,0.07042790653941985,0.1342888531082183,0.34002810698322744,0.19711878785938547,0.09617479197028816,0.10853337457207227,0.022104723499675363,0.026298152377514886,0.019941092642492206,0.018178960294889423,0.018781208059259993,0.18413977302090742,0.240934201519544,0.02326460808290757,0.021257115535005672,0.02333152450117097,0.09812129189976962,0.3532003520228356,0.30720030617614696,0.028729448907751632,0.022439305590992345,0.21678526657461275,0.01820126576764389,0.09401279613811338,0.06954313384420102,0.09337685839648013,0.14662230825343178,0.24599289061052942,0.29361538461538456,0.4180004166068666,0.32198579926575,0.06715424756711014,0.10779144720683348,0.250251629854405,0.02493751853949249,0.0773724252320437,0.09670565558741948,0.22469919439115138,0.2500488327475538,0.09104508667715827,0.6552786767951647,0.3214306513359815,0.2313914989172416,0.025695904613144315,0.09139701941610641,0.02110097722572441,0.14905587353564642,0.14074119215474643,0.18697893251682451,0.19772717917993912,0.1417551776890025
0.0683578750951844,0.19554830238911777,0.03844229057893001,0.03262074265836097,0.23867731596454672,0.7643278355325605,0.5417319574450408,0.10542148000612837,0.07674963469766229,0.06419754595458604,0.11206495635809004,0.2497418273006516,0.7410003730146785,0.04104939236519204,0.29761277430583977,0.04135803441305062,0.042089122322274984,0.04094651168257251,0.2860966502621388,0.936765177443737,0.08496656597508855,0.05591565100371396,0.23122570628921085,0.03315605740967767,0.03944600573764881,0.029910711729820218,0.027267595145194043,0.028170938788040965,0.07937205957343663,0.6637650400172764,0.034895830351456915,0.03188468487530052,0.034996201867328804,0.057047338512528786,0.359087933948875,0.3123211022341291,0.04309283748099378,0.033657914989037065,0.5972355947620887,0.02730105231715134,0.20029023581887698,0.04043210826947487,0.19893539769608862,0.06320043950616154,0.10603337914380906,0.3717855407855407,0.42496816645138663,0.8870592700691713,0.039043219054111226,0.22964506181262442,0.10786907655685109,0.03740511824825392,0.16483863827258194,0.05622429305157255,0.09685489207859889,0.1077816623943253,0.19396765791253137,0.5176406602441899,0.8855298575345693,0.09973955944195065,0.03854266209480189,0.05313787257298668,0.03165048467159947,0.06424940945647127,0.060665428792913006,0.08059585784879798,0.08522880846266598,0.061102499605542065
0.054685227150596025,0.41504252744953557,0.034171189784246984,0.028996440417441954,0.506581930154918,0.3319812184217339,0.23529803172127717,0.08433552933966598,0.061398503117932615,0.10271534013445534,0.0896502061471408,0.5300658606919011,0.969,0.06567855883597384,0.6316698050559906,0.06617238258662027,0.037412843123222544,0.0655139509190917,0.6072273467419879,1.225,0.06797191916928304,0.08946440282544307,0.49076622183409285,0.0294722794396769,0.035063387950937504,0.026587505367377546,0.024238050195092505,0.025041028545113975,0.0634964018577253,0.868,0.031018756261940467,0.028342161761868906,0.031107976078609524,0.0912750899111466,0.3473145302109746,0.30208104099889976,0.038305041289913064,0.02991837852302216,0.781,0.024267790133982187,0.42510706910824253,0.06469091133468101,0.4222314857771834,0.050559359629003736,0.08482503904561763,0.47474123774123766,0.41103474979668,1.16,0.06246870445677212,0.48741137461452383,0.0862935681634725,0.033249251678666776,0.3498626386121951,0.08995822657608948,0.07748239345634322,0.08622363820547942,0.41168768022996655,0.5864602318203648,1.158,0.07979008207011516,0.03426040960091603,0.08501998906962528,0.028133982189641117,0.05139851912492081,0.04853139084720414,0.06447542126962856,0.0681817090432623,0.04888104063716959
0.049216883256461674,0.7303125653831108,0.04271339137361303,0.03624504489927999,0.8913861219514412,0.6485219118413105,0.45965229632517657,0.07590225218323884,0.05525885357950556,0.12839509190917212,0.08068547868898192,0.932708657406144,0.9654374860119496,0.0820987847303841,1.1114918720264897,0.08271606882610127,0.04676540152132741,0.08189302336514505,1.068482702471595,1.22049630584586,0.061174949520819366,0.11183130200742795,0.8635566592982742,0.03683983537967843,0.043828623524360115,0.033233918092262886,0.030297140095295577,0.03130084903096795,0.05714696930545678,0.8648088109993521,0.03877290444097336,0.03542720798873213,0.03888442765604807,0.1140946770250576,0.4002939669744374,0.3481605511170645,0.04788063367207449,0.03739745145505197,0.7781286651964218,0.03033431450032048,0.7480222234351263,0.08086421653894975,0.7429623211345504,0.04550358899542428,0.07634281251929413,0.6539615384615384,0.4737340832256932,1.1557352773724061,0.07808643810822247,0.8576534399476023,0.07766449352745998,0.04156098481784106,0.6156214465700588,0.11244858610314513,0.06973440747846488,0.07760155633659495,0.724409346032439,0.5130925704944433,1.1537426303424536,0.07181133477701121,0.042824914588687736,0.10627574514597339,0.035166987153557816,0.04625883528580477,0.0436784104603381,0.058028089977567344,0.06136376109341449,0.043993096414663306
0.019140991838722733,0.12371316031256535,0.111055770942107,0.0942379257341639,0.1509986263861219,0.8606811605781801,0.6100242175940278,0.029519227822889533,0.021490781118156724,0.1335306755676743,0.03137947766910811,0.1579985627086574,0.7374378590266281,0.08538259543509943,0.188284001491872,0.0860245698368671,0.12159108776777251,0.08516860396784355,0.1809983534827024,0.932261483289597,0.023791616454269176,0.11630436245357528,0.14628438355665926,0.09578439425903224,0.11395539942623513,0.08640892882701798,0.0787732404854806,0.0813829061211959,0.02222509026797985,0.6605738510166287,0.10081041696485431,0.09211153151246995,0.10110037981326712,0.11865826859339006,0.47682021121370144,0.41472018370568825,0.12449071625190063,0.09723420850109629,0.5943642599585104,0.07886989476828486,0.1267131330222234,0.0840986466315641,0.1258559979623211,0.017696850510737258,0.02969056662451493,0.5166864661864661,0.56430024996412,0.8827945474415774,0.08120976182360962,0.1452843926534399,0.030204583029391115,0.10805948817517462,0.10428476562144655,0.11694633685534295,0.027120484600134002,0.030180106057730346,0.122713169409346,0.5101003172431857,0.881272487877023,0.027928224664939435,0.1113457337905198,0.1105265928376663,0.09143495153284005,0.017990574170666507,0.016987018332574905,0.02256776787123064,0.023865047369251487,0.01710940319087876
0.04374853936232733,0.41504252744953557,0.16231136390508608,0.13773157511528192,0.506581930154918,0.24304029874118366,0.17225945550360644,0.0674689750268117,0.04911920404107851,0.14380184288467865,0.07172075123082307,0.5300658606919011,0.4381866840303909,0.09195021684453011,0.6316698050559906,0.09264157185839876,0.17770904768720477,0.09171976517324056,0.6072273467419879,0.5539511743418255,0.05437797987235571,0.12525048334586994,0.49076622183409285,0.13999178557871217,0.16654925852401783,0.12628925964416618,0.11512947048097924,0.11894357563801781,0.05079753675318825,0.39251397496220775,0.14733746958486055,0.1346237857280653,0.14776125904675375,0.12778545173005498,0.33554112647307405,0.2918409797636703,0.18194694230613653,0.14211073288817805,0.35317213645793116,0.11527073363494363,0.42510706910824253,0.0905675068167928,0.4222314857771834,0.04044781836184483,0.06786058599297065,0.4861806246806246,0.3971013331419732,0.5245578467236878,0.0874564092543839,0.48741137461452383,0.06903541889144747,0.15793220613218995,0.3498626386121951,0.1259418383597386,0.06198642150058655,0.06897947446771048,0.41168768022996655,0.5130925704944433,0.5236534366431297,0.06383258748390727,0.16273515336697925,0.11902828822105212,0.13363494365031456,0.04111915144668873,0.03882543007347208,0.051580758685506135,0.05454581314356668,0.03910515219215703
0.10116793845999054,0.32724431223789896,0.19648255368933307,0.16672801553272387,0.3994194434589598,0.22759977373902654,0.16131568838622876,0.15602114294469127,0.11358753192822467,0.11555521602181373,0.16585332110704332,0.41793557659944147,0.495186907839198,0.07388867178317897,0.49804619345213724,0.07444422570636078,0.21512189081042732,0.07370348714211837,0.47877429977530944,0.6260102808080678,0.1257483838658706,0.10064785241643551,0.38694939460924777,0.1694640650183891,0.20161264647495536,0.15287676501154374,0.13936752067607175,0.1439846041831318,0.11746865488704784,0.44357299897257363,0.17835622584680103,0.1629659474899342,0.17886923512536326,0.1026848834681021,0.5326263913473346,0.4632582882839784,0.2202519835960496,0.17202911141120023,0.39911349331518436,0.13953852376892584,0.33517979786953395,0.07277756393681538,0.3329125162604954,0.0935350633076383,0.15692673830175002,0.46711538461538454,0.6303449365322362,0.5927934087651906,0.07027757128249729,0.38430423273203607,0.15964352437292623,0.19118145781085674,0.27585259576635823,0.10120340633961732,0.14334280794586896,0.15951415360763216,0.3245991503606873,0.5625233324116788,0.5917713511638713,0.14761204320057442,0.19699556296789528,0.09564786710779934,0.16176892583995567,0.09508751249116758,0.08978331111410924,0.11927984560116532,0.1261364961617529,0.09043016494057977
0.05741939909766321,0.31128123910281486,0.16231136390508608,0.13773157511528192,0.3799356463414264,0.24705634473479854,0.17510590483616856,0.08855216791787957,0.06446832788714615,0.12839509190917212,0.09413256987622023,0.397548557098976,0.6840001492058714,0.0820987847303841,0.4737513546622517,0.08271606882610127,0.17770904768720477,0.08189302336514505,0.4554195495880674,0.8647060709774949,0.07137040399351488,0.11183130200742795,0.3680738901169543,0.13999178557871217,0.16654925852401783,0.12628925964416618,0.11512947048097924,0.11894357563801781,0.06667111813385958,0.6127060160069105,0.14733746958486055,0.1346237857280653,0.14776125904675375,0.1140946770250576,0.4561001471080706,0.39669865569535473,0.18194694230613653,0.14211073288817805,0.5512942379048354,0.11527073363494363,0.31882962942747894,0.08086421653894975,0.31667294647757493,0.05308724494579347,0.08906615230877937,0.6596818391818391,0.5397787697938095,0.8188237080276685,0.07808643810822247,0.36555776000873286,0.09060810548147875,0.15793220613218995,0.2623964255716568,0.11244858610314513,0.0813563864452824,0.09053467913992165,0.3087651089945935,0.6926210059616495,0.8174119430138277,0.08377945571666716,0.16273515336697925,0.10627574514597339,0.13363494365031456,0.05396836104447884,0.050957881040637164,0.06769908691565918,0.07159068301818622,0.05132501274842273
0.04648271130939449,0.4509574725504643,0.15804026311040306,0.13410727287436291,0.5504180698450817,0.26249686973695574,0.18604967195354624,0.07168561360502526,0.052189028810292026,0.07703742184194444,0.07620311495990248,0.5759341393080988,0.4435310891374199,0.049259505312397166,0.6863301949440093,0.049629877532791127,0.17303276848815236,0.049136047905599174,0.6597726532580118,0.5607075172273885,0.05777646469658752,0.0670991005947064,0.533233778165907,0.13630800760871142,0.16216664073730655,0.12296605328172353,0.1120999255308777,0.11581366539509083,0.05397225302932251,0.3973013264925495,0.14346039549534412,0.13108126261463368,0.14387303325803447,0.06845713206948427,0.40311895023042943,0.3506176146964551,0.17715914611505582,0.13837119642216317,0.3574796497588493,0.11223747145177448,0.4618929308917573,0.04851876087160924,0.45876851422281645,0.04297570367863455,0.07210169925613238,0.5338461538461536,0.4770773533304629,0.5309556897826698,0.0468520858798364,0.5295886253854759,0.07334995620945371,0.1537763395626028,0.3801373613878048,0.06746947281510038,0.0658604144895257,0.0732905154021527,0.4473123197700333,0.6433107903915092,0.530040248938217,0.06782196113045923,0.15845290087309338,0.06376575061116073,0.13011844116835622,0.043688993366246744,0.041251920266905086,0.05480442433153673,0.05795478711849057,0.041549124303410165
0.10390211040705771,0.12371316031256535,0.1665848481265519,0.14135789984629074,0.1509986263861219,0.3937433184303625,0.27907310019078785,0.16023778152290485,0.1166573566974382,0.14380184288467865,0.17033568483612274,0.1579985627086574,0.5040938269342774,0.09195021684453011,0.188284001491872,0.09264157185839876,0.18238793641706028,0.09171976517324056,0.1809983534827024,0.6372703178477709,0.12914686869010242,0.12525048334586994,0.14628438355665926,0.14367761922838374,0.1709343219679762,0.12961432047444507,0.11816070602536098,0.12207523248264288,0.12064337116318209,0.4515515395035633,0.1512167072201859,0.1381682856959129,0.15165165460432833,0.12778545173005498,0.4120673707123379,0.3584006123522939,0.18673741025848462,0.1458523561490959,0.40629234141968085,0.11830568848674179,0.1267131330222234,0.0905675068167928,0.1258559979623211,0.09606294862442803,0.16116785156491176,0.4709289184289183,0.48766749988039987,0.6034559744517666,0.0874564092543839,0.1452843926534399,0.1639580616909325,0.16209039182374674,0.10428476562144655,0.1259418383597386,0.14721680093480813,0.16382519454207436,0.122713169409346,0.6702399430514527,0.6024155331165049,0.15160141684712639,0.1670197955106943,0.11902828822105212,0.13715340846624724,0.0976573544107256,0.09220980130754225,0.12250351124719591,0.1295454701366768,0.09287413705183291
0.1722599855022421,0.48687504358874045,0.15804026311040306,0.13410727287436291,0.594257414634294,0.26249686973695574,0.18604967195354624,0.26565926152903324,0.19340699139510048,0.14637055145503264,0.28240064119421276,0.6218057716040959,0.744562887002729,0.09359270838230453,0.740994581350993,0.09429641295660757,0.17303276848815236,0.09335814019087019,0.71232180164773,0.9412688715978772,0.21411343466519098,0.1274878120445677,0.5757044395321828,0.13630800760871142,0.16216664073730655,0.12296605328172353,0.1120999255308777,0.11581366539509083,0.20001543073661873,0.6669562290179244,0.14346039549534412,0.13108126261463368,0.14387303325803447,0.1300680621503455,0.4148923539683299,0.36085767593168444,0.17715914611505582,0.13837119642216317,0.600106929565667,0.11223747145177448,0.4986814822900841,0.09218529923369845,0.49530821408970016,0.15926338813058957,0.26720123070872087,0.4709289184289183,0.49101076998516957,0.8913239926967652,0.08901862864933476,0.5717689599650682,0.2718271382477836,0.1537763395626028,0.41041429771337246,0.12819151661887074,0.244071693013407,0.2716068569363997,0.4829395640216259,0.7434870580302788,0.8897872271921157,0.25134097628907703,0.15845290087309338,0.1211544708758403,0.13011844116835622,0.16190676386719688,0.15287523010045528,0.2030993690959939,0.21477427859934278,0.153976636657375
0.11483879819532641,0.3671533080442831,0.14095585993167095,0.11961006391068683,0.4481305388023178,0.23161184738249938,0.164159322239728,0.17710433583575913,0.1289366557742923,0.09501104790559917,0.18826513975244047,0.4689048021905048,0.7125002611102749,0.06075225659348408,0.5587852886863338,0.06120904047764562,0.1543276516919426,0.06059999529876357,0.5371630961802617,0.9007356242106159,0.14274080798702976,0.08275401368059798,0.43413970835721233,0.12157289572870837,0.14463616959046133,0.10967322783195285,0.09998174573047156,0.10329402442338288,0.13334223626771916,0.6382355280120935,0.1279520991372783,0.11691117016090723,0.12832013010315738,0.08442888792252361,0.3560253352788276,0.3096573697555375,0.15800796135073297,0.12341305055810355,0.5742649163334621,0.1001044227190979,0.37605656378207747,0.05983868882516101,0.37351277642842196,0.10617448989158694,0.17813230461755875,0.48046153846153844,0.42134368671163624,0.8529414890484198,0.0577831613464341,0.43117195644461415,0.1812162109629575,0.13715287328425427,0.3094941280280908,0.08321079756475952,0.1627127728905648,0.1810693582798433,0.36418555613168496,0.8422280355176546,0.8514709002741985,0.16755891143333432,0.14132389089755,0.07864295872314417,0.11605243124052282,0.10793672208895767,0.10191576208127433,0.13539817383131836,0.14318136603637244,0.10265002549684546
0.09843376651292335,0.28733531643151483,1.149,0.975,0.3507083481156018,0.2779373947391128,0.19699343907092381,0.1518045043664777,0.11051770715901112,0.04878896149687368,0.16137095737796384,0.3669663510083781,0.5129994777794502,0.031196787880212497,0.43730709821794056,0.031431350195101314,1.258,0.031118600441916226,0.42038550337035707,0.6485287515787683,0.12234989904163873,0.04249487271402379,0.3397590808612831,0.991,1.179,0.894,0.815,0.842,0.11429393861091355,0.45952894397581295,1.043,0.953,1.046,0.04335493453528278,0.3795721427546285,0.33013749222599625,1.288,1.006,0.41347016733307596,0.816,0.29430303195699037,0.030727663250434866,0.2923122560925688,0.09100717799084856,0.15268562503858826,0.5643519953519953,0.44921052002104955,0.6141170219031601,0.029672132833435196,0.3374365090194579,0.15532898705491996,1.118,0.24221106350462565,0.042729435028912605,0.13946881495692975,0.1552031126731899,0.2850127445896896,0.8272678958627414,0.6130581994516029,0.14362266955402242,1.152,0.04038381188002445,0.946,0.09251767057160953,0.0873568209206762,0.11605617995513469,0.12272752218682897,0.08798619282932661
0.08202873483052028,0.2913267411996227,0.8969883691262222,0.7611520103551493,0.3555800986697473,0.6445058658476958,0.45680584699261456,0.12650467289719625,0.09209875854372994,0.07960429693009262,0.13447677500348723,0.37206394430344425,0.16743688918846403,0.05090082447933807,0.4433818070451533,0.05128353744534814,0.982081260540285,0.05077325349066805,0.42622515138559114,0.21167202193588078,0.10195899009624772,0.069334832342156,0.3444787332429719,0.7736427100122595,0.9204084309833037,0.6979178433410292,0.6362450137840479,0.6573230694554213,0.09524564095410795,0.1499847469717098,0.8142374838978674,0.7439772983266228,0.8165794900835757,0.07073811321752621,0.3237677227351736,0.28160091852844094,1.0055013223973666,0.7853527409408003,0.1349517135770799,0.6370256825126173,0.29839124647120707,0.05013539854731795,0.29637281639361157,0.07583986609011019,0.12723894545961778,0.4613950838950838,0.38316791648726656,0.20044044526173196,0.048413190200272675,0.3421238981524437,0.12944176314688238,0.8727876385405714,0.2455756594407905,0.06971754530816605,0.11622485702329474,0.12933686706653647,0.28897190610909457,0.801894579701287,0.20009485828714277,0.11968642767471055,0.8993303753119303,0.06589041564806544,0.7385126172266372,0.0770986190542614,0.0727978797600781,0.09671418607895103,0.10227367833728551,0.07332236016180776
0.06288953120105006,0.562701610433401,0.8756328651528069,0.7430304991505542,0.6868078547668646,1.1812339276412296,0.8372221160514265,0.09698820284970124,0.07060998515923522,0.07960429693009262,0.10310022889993117,0.7186466294911564,0.20662454305701886,0.05090082447933807,0.8563980629921737,0.05128353744534814,0.9586998645450228,0.05077325349066805,0.8232597464424005,0.2612126576314222,0.07816959632662487,0.069334832342156,0.6653654146464233,0.7552238201622555,0.8984953420497471,0.6813018115288159,0.6210972890335401,0.6416735182407862,0.0730226270211681,0.1850878259788363,0.7948521134502851,0.7262646827594647,0.7971383611399792,0.07073811321752621,0.33248028791720485,0.2891787781658135,0.9815623414419629,0.7666550586107256,0.16653639641644144,0.6218593715967714,0.5763467996009545,0.05013539854731795,0.5724481741245107,0.05814466887258208,0.09755115261748558,0.4194498554498554,0.39347893643655607,0.24735239416526508,0.048413190200272675,0.6608170182572386,0.09924000192083858,0.8520083056926355,0.4743327663006728,0.06971754530816605,0.08910690610072054,0.09915958052544083,0.5581532140442164,0.6507317136467929,0.24692592452015258,0.0917608121488467,0.8779191128425009,0.06589041564806544,0.7209301048168454,0.05910972561735523,0.055812448406046974,0.07414852655673677,0.07841086051281816,0.05621455538303579
0.09569959456585618,0.2633920196975623,0.901259469920905,0.7647763125960682,0.32148425498882605,0.8452406355760228,0.59908045047665,0.14758786578826413,0.10744788238979759,0.0873085891589488,0.1568885936488844,0.3363874985975796,0.23868716894947287,0.055827126721827845,0.40086683829259484,0.05624687955432279,0.9867575397393372,0.05568720911099619,0.38535529902634114,0.3017459050186835,0.1189514142174069,0.07604522148700107,0.3114473766400737,0.7773264879822601,0.9247910487700148,0.7012410497034718,0.6392745587341493,0.6604529796983482,0.11111922233477929,0.21380852698466712,0.8181145579873836,0.7475198214400544,0.8204677158722947,0.07758431520614921,0.40900653215646876,0.3557384107544372,1.010289118588447,0.789092277406815,0.19237840964864636,0.6400589446957863,0.2697791241013138,0.05498762105683795,0.2679542371288134,0.08847929267405884,0.14844451177542653,0.43470277620277614,0.48404510317498284,0.28573489781361044,0.05309873331061069,0.3093183418388232,0.15101444973691372,0.8769435051101583,0.22202791498755253,0.07646497431949602,0.1355948219679906,0.15089207173874766,0.26126298489631183,0.7524638177840516,0.2852422514380697,0.13963329590747045,0.9036126278058159,0.07226744599454656,0.7420291197085954,0.08994782865205152,0.0849303307272432,0.11283251430910408,0.11931854821190507,0.08554222071807348
0.08202873483052028,0.41504252744953557,0.5296498665156542,0.4494417927352156,0.506581930154918,0.5558747894782257,0.39398687814184774,0.12650467289719625,0.09209875854372994,0.1694815946593954,0.13447677500348723,0.5300658606919011,0.3384375606148852,0.10837044273894034,0.6316698050559906,0.10918525809787974,0.5798951541137449,0.10809883761929387,0.6072273467419879,0.4278493413346073,0.10195899009624772,0.1476173825278548,0.49076622183409285,0.4568172477954858,0.5434788447536608,0.41210355149259775,0.3756872421325136,0.38813332254671956,0.09524564095410795,0.3031618190028074,0.48078747674136396,0.4393005420273441,0.4821703745651647,0.15060503884396595,0.3442536916551053,0.29941883940104286,0.5937241323517516,0.46373173691448916,0.2727757841488394,0.37614820807378047,0.42510706910824253,0.10674081202106153,0.4222314857771834,0.07583986609011019,0.12723894545961778,0.5262203007203007,0.4074123530912627,0.4051471313862403,0.10307414290583422,0.48741137461452383,0.12944176314688238,0.5153599223363806,0.3498626386121951,0.1484321978867942,0.11622485702329474,0.12933686706653647,0.41168768022996655,0.7929178199475143,0.4044486018493675,0.11968642767471055,0.5310327643394548,0.14028404429740018,0.4360737804384759,0.0770986190542614,0.0727978797600781,0.09671418607895103,0.10227367833728551,0.07332236016180776
0.08749707872465466,0.2514203713305861,0.14949806152103703,0.12685866839252488,0.30687220842543816,0.8683994369041875,0.6154946934131852,0.1349379500536234,0.09823840808215702,0.08987546424709698,0.14344150246164614,0.32109807239218036,0.2262190041162497,0.057468445888768746,0.382646708329922,0.05790053946687979,0.16368021009004752,0.057324414696065064,0.36784019685433317,0.28598377713354584,0.10875595974471142,0.07828095323445065,0.297291524529469,0.1289404516687099,0.15340140516388395,0.11631964055683822,0.10604083563067465,0.10955384490923688,0.1015950735063765,0.20263993351176962,0.13570624731631123,0.12399621638777047,0.13609658168059593,0.07986529635419115,0.3795721427546285,0.33013749222599625,0.16758355373289444,0.13089212349013338,0.1823292489316729,0.10617094708543622,0.2575171701734756,0.05660425873254666,0.2557752276469357,0.08089563672368966,0.1357211719859413,0.4308904568904568,0.44921052002104955,0.27080912773462296,0.05465983763104696,0.2952592582485058,0.13807083778289495,0.14546460642342857,0.21193634072901596,0.0787130468125617,0.1239728430011731,0.13795894893542096,0.2493881050496229,0.7929178199475143,0.27034221544542536,0.12766517496781454,0.1498883958853217,0.07439211103145126,0.12308543620443953,0.08223830289337745,0.07765086014694415,0.10316151737101227,0.10909162628713336,0.07821030438431406
0.03554602352112579,0.7582499128225185,0.16231136390508608,0.13773157511528192,0.9254851707314112,0.5558747894782257,0.39398687814184774,0.05481905929217098,0.03990972973343791,0.0873085891589488,0.05827366004358474,0.9683884567918079,0.2493747109136242,0.055827126721827845,1.1540108372980133,0.05624687955432279,0.17770904768720477,0.05568720911099619,1.1093563967045392,0.31525698748110387,0.044182525399660194,0.07604522148700107,0.896591120935634,0.13999178557871217,0.16654925852401783,0.12628925964416618,0.11512947048097924,0.11894357563801781,0.04127338792478545,0.22338209398661074,0.14733746958486055,0.1346237857280653,0.14776125904675375,0.07758431520614921,0.3207068841793044,0.2789387169305841,0.18194694230613653,0.14211073288817805,0.2009924140593813,0.11527073363494363,0.7766370354198314,0.05498762105683795,0.7713835718205991,0.032864162411475634,0.05513724620348541,0.4518624638624638,0.3795455197818494,0.2985290656963922,0.05309873331061069,0.8904620800698629,0.05609180693742868,0.15793220613218995,0.6391714045732547,0.07646497431949602,0.05036444253376903,0.056046351664383764,0.7521208719567476,0.631341777386479,0.2980143604107088,0.051864466544251316,0.16273515336697925,0.07226744599454656,0.13363494365031456,0.03340962568801465,0.031545959493173015,0.0419097617474143,0.04431889121879495,0.03177323585839761
0.08749707872465466,0.41504252744953557,0.16231136390508608,0.13773157511528192,0.506581930154918,0.8143556132215665,0.577190100762832,0.1349379500536234,0.09823840808215702,0.11555521602181373,0.14344150246164614,0.5300658606919011,0.500531312946227,0.07388867178317897,0.6316698050559906,0.07444422570636078,0.17770904768720477,0.07370348714211837,0.6072273467419879,0.6327666236936307,0.10875595974471142,0.10064785241643551,0.49076622183409285,0.13999178557871217,0.16654925852401783,0.12628925964416618,0.11512947048097924,0.11894357563801781,0.1015950735063765,0.4483603505029154,0.14733746958486055,0.1346237857280653,0.14776125904675375,0.1026848834681021,0.31788014080913424,0.2764801224704588,0.18194694230613653,0.14211073288817805,0.4034210066161025,0.11527073363494363,0.42510706910824253,0.07277756393681538,0.4222314857771834,0.08089563672368966,0.1357211719859413,0.4575827645827645,0.3762001666427466,0.5991912518241725,0.07027757128249729,0.48741137461452383,0.13807083778289495,0.15793220613218995,0.3498626386121951,0.10120340633961732,0.1239728430011731,0.13795894893542096,0.41168768022996655,0.6088412947305616,0.5981581634589586,0.12766517496781454,0.16273515336697925,0.09564786710779934,0.13363494365031456,0.08223830289337745,0.07765086014694415,0.10316151737101227,0.10909162628713336,0.07821030438431406
0.054685227150596025,0.5946277567035692,0.2007536544840161,0.1703523177736429,0.7257754490019314,1.243,0.881,0.08433552933966598,0.061398503117932615,0.19772822152226033,0.0896502061471408,0.7594206684920872,0.3865308653286128,0.12643198780029147,0.9049877405719449,0.1273826042499177,0.2197981700094798,0.12611511565041605,0.8699692468168846,0.4886484107611463,0.06797191916928304,0.17222001345728924,0.7031164236310102,0.17314784298838987,0.20599526426166667,0.15619997137398642,0.1423970656261733,0.1471145144260588,0.0634964018577253,0.34624230248218363,0.18223329993631748,0.16650847060336585,0.18275746091408257,0.17570560710591882,0.883,0.768,0.22503977978713033,0.17576864787721516,0.3115382929015961,0.142571785952095,0.6090471364850645,0.12453075490103896,0.6049273136903516,0.050559359629003736,0.08482503904561763,0.4442366107366107,1.045,0.462720127741167,0.12025298087772082,0.698309963703845,0.0862935681634725,0.1953373243804439,0.5012451066900756,0.17317062990691548,0.07748239345634322,0.08622363820547942,0.589821296776404,0.9096111903410607,0.4619223344174754,0.07979008207011516,0.20127781546178117,0.16366446541065297,0.16528542832191404,0.05139851912492081,0.04853139084720414,0.06447542126962856,0.0681817090432623,0.04888104063716959
0.0683578750951844,0.30728981433470687,0.23492484426826313,0.19934875819108488,0.3750638957872807,0.5713153144803828,0.40493064525922534,0.10542148000612837,0.07674963469766229,0.06162883738423205,0.11206495635809004,0.3924509638039097,0.4007809212808146,0.03940690082741761,0.4676766458350389,0.0397031933148418,0.25721101313270234,0.03930813666494288,0.4495799015728332,0.5066631873777069,0.08496656597508855,0.05367832230501621,0.3633542377352654,0.2026201224280668,0.2410586522126042,0.182787476741364,0.1666351158212658,0.17215554297117278,0.07937205957343663,0.3590070584847751,0.21325205619825796,0.19485063236523475,0.2138654369926921,0.05476472809223825,0.29127249477746414,0.2533377984021432,0.26334482107704343,0.20568702640023734,0.3230236321159094,0.1668395760860772,0.3147414149132621,0.03881431585256922,0.31261238617653203,0.06320043950616154,0.10603337914380906,0.49190092540092534,0.3447109366279162,0.47977901825154273,0.03748099965916035,0.3608703708757469,0.10786907655685109,0.2285865760591107,0.25903182963549193,0.0539746147924404,0.09685489207859889,0.1077816623943253,0.3048059474751884,0.740495931380396,0.47895181304766077,0.09973955944195065,0.2355382250626972,0.051011689918198475,0.19341941051155517,0.06424940945647127,0.060665428792913006,0.08059585784879798,0.08522880846266598,0.061102499605542065
0.09023125067172182,0.21550280029230984,0.2477405300790949,0.2102236874039317,0.26303286363622574,0.551858743484611,0.39114042880928573,0.13915458863183697,0.10130823285137053,0.31841902120257626,0.14792386619072553,0.27522644009618324,0.404343435268865,0.2036044702881858,0.3279823219229381,0.20513533096704434,0.2712424602606627,0.20309418339523294,0.315291048464615,0.511166881531847,0.11215444456894322,0.2773409263198721,0.2548208631631932,0.21367351201773982,0.2542089512299851,0.19275895029652815,0.1757254412658506,0.1815470203016518,0.10476978978251075,0.36219824748542295,0.22488544201261615,0.20548017855994555,0.2255322841277052,0.2829540821423534,0.1911994430623994,0.16629804334306084,0.27771088141155287,0.21690772259318492,0.3258949669194877,0.1759410553042136,0.22072861877514877,0.20054274893046872,0.21923552778005193,0.08342352204047937,0.13996228524910304,0.694,0.22627793658007625,0.48404374087913665,0.19365387587560529,0.2530789236689135,0.14238537510090118,0.2410564948898417,0.18165940440344824,0.27887178699873066,0.12784683599011226,0.14226998986986317,0.2137608607980302,0.6387627006417625,0.48320918270520713,0.13165454861436648,0.24838737219418391,0.26356318021014524,0.2039708802914045,0.08480814481293546,0.08007735034037715,0.10638518301704286,0.11250060026205724,0.0806542764955672
0.04648271130939449,0.6065994050705453,0.22638264267889702,0.19210015370924682,0.7403874955653192,0.5713153144803828,0.40493064525922534,0.07168561360502526,0.052189028810292026,0.6137288326829956,0.07620311495990248,0.7747100946974864,0.46668679593479445,0.39243237859056934,0.9232078705346176,0.3953829979784683,0.24785845473459744,0.39144883879460296,0.8874843489888925,0.5899807275749466,0.05777646469658752,0.5345538791077052,0.7172722757416149,0.19525256648806522,0.23229341663918154,0.1761410640164786,0.1605760259210627,0.16589572248531878,0.05397225302932251,0.4180434869673907,0.20549790801922505,0.1877655861383715,0.20608898541525353,0.545372816863335,0.17354021751263776,0.15093871693058414,0.25376922869488194,0.1982079534682075,0.37614281488655776,0.16077305171973885,0.6213090904129027,0.3865311398147713,0.6171063231722292,0.04297570367863455,0.07210169925613238,0.5319393869393868,0.20537885311518284,0.5586756277444391,0.3732533525692257,0.7123690472941624,0.07334995620945371,0.22027484291993638,0.5113366809486122,0.5375044984956043,0.0658604144895257,0.0732905154021527,0.6016961766230929,0.6792167028052254,0.5577123939035005,0.06782196113045923,0.22697372007492544,0.5079983046166141,0.18638640554763844,0.043688993366246744,0.041251920266905086,0.05480442433153673,0.05795478711849057,0.041549124303410165
0.04374853936232733,0.5547187608971851,0.22638264267889702,0.19210015370924682,0.6770643536585735,0.7294307395346312,0.5169979738777233,0.0674689750268117,0.04911920404107851,0.3492343566357952,0.07172075123082307,0.708451442901024,0.5610940507430845,0.22330850688731138,0.8442486453377482,0.22498751821729115,0.24785845473459744,0.22274883644398477,0.8115804504119324,0.7093294243140129,0.05437797987235571,0.3041808859480043,0.6559261098830457,0.19525256648806522,0.23229341663918154,0.1761410640164786,0.1605760259210627,0.16589572248531878,0.05079753675318825,0.5026105635139291,0.20549790801922505,0.1877655861383715,0.20608898541525353,0.31033726082459684,0.2736132692277025,0.23797847198966654,0.25376922869488194,0.1982079534682075,0.45223369827693394,0.16077305171973885,0.5681703705725211,0.2199504842273518,0.5643270535224251,0.04044781836184483,0.06786058599297065,0.427076923076923,0.3238118531630228,0.6716915364932693,0.21239493324244277,0.6514422399912669,0.06903541889144747,0.22027484291993638,0.4676035744283431,0.30585989727798407,0.06198642150058655,0.06897947446771048,0.5502348910054065,0.809314376355196,0.6705334476372464,0.06383258748390727,0.22697372007492544,0.2890697839781862,0.18638640554763844,0.04111915144668873,0.03882543007347208,0.051580758685506135,0.05454581314356668,0.03910515219215703
0.03554602352112579,0.5387556877621008,0.2690960340525101,0.2283451986085268,0.6575805565410399,0.8452406355760228,0.59908045047665,0.05481905929217098,0.03990972973343791,0.2542214752479902,0.05827366004358474,0.6880644234005584,0.4916243938511475,0.16255507792299376,0.8199538065478625,0.1637772965539937,0.29462385625592485,0.16214767171266042,0.7882257002246902,0.6215065866539274,0.044182525399660194,0.22142527531615813,0.6370506053907521,0.2320924018677437,0.2761220401635417,0.20937498210874153,0.19087316601635831,0.19719657151628675,0.04127338792478545,0.4403818099719257,0.2442708124601984,0.22319279412710366,0.2449734130713016,0.22590674362982463,0.19426028161826855,0.1689602449409176,0.30164986236695646,0.2356054049232595,0.396242158511606,0.19110736622005936,0.5518202021304659,0.16011064066099384,0.5480874837395044,0.032864162411475634,0.05513724620348541,0.44614216314216304,0.22990033328549334,0.5885286861375966,0.15461065682149405,0.6326957672679636,0.05609180693742868,0.26183582773777747,0.4541474042336416,0.22264749394715808,0.05036444253376903,0.056046351664383764,0.5344008496393124,0.801894579701287,0.5875139815063248,0.051864466544251316,0.2697986346636132,0.21042530763715855,0.22155339270119628,0.03340962568801465,0.031545959493173015,0.0419097617474143,0.04431889121879495,0.03177323585839761
0.09023125067172182,0.49884931789306425,0.252011630873778,0.21384798964485074,0.6088726662967308,0.45550939078913316,0.3228509841393615,0.13915458863183697,0.10130823285137053,0.5495312867284096,0.14792386619072553,0.6370985514892946,0.45065611711352077,0.3513829862253773,0.7592187078326313,0.3540249635654177,0.2759187394597151,0.35050232711203044,0.7298407456934323,0.5697149055356687,0.11215444456894322,0.4786382281039913,0.5898633966772492,0.2173572899877406,0.25859156901669644,0.19608215665897083,0.17875498621595215,0.1846769305445788,0.10476978978251075,0.4036837044938453,0.22876251610213263,0.2090227016733772,0.2294205099164245,0.4883254783508062,0.2500664617519017,0.21749834951920785,0.2824986776026336,0.22064725905919985,0.36322231936600596,0.17897431748738277,0.5109461258327344,0.3460990315452964,0.5074898949928286,0.08342352204047937,0.13996228524910304,0.44232984382984375,0.2959450198536096,0.5394851350378577,0.33421013351511447,0.5858311273640258,0.14238537510090118,0.24521236145942887,0.4205080855218671,0.4812802054440317,0.12784683599011226,0.14226998986986317,0.4948170485798408,0.8661649349263404,0.5385549882533096,0.13165454861436648,0.2526696246880698,0.4548604320436274,0.20748738277336287,0.08480814481293546,0.08007735034037715,0.10638518301704286,0.11250060026205724,0.0806542764955672
0.08749707872465466,0.7143494922480265,0.2092982395001649,0.17760294474557073,0.8719023248339076,0.5286999421564462,0.37472618587275064,0.1349379500536234,0.09823840808215702,0.17461717831789758,0.14344150246164614,0.9123216379056783,0.46668679593479445,0.11165425344365566,1.0871970332366039,0.11249375910864555,0.22915333793838769,0.11137441822199236,1.0451279522843528,0.5899807275749466,0.10875595974471142,0.15209044297400212,0.8446811548059806,0.18051745460806215,0.21476294549233632,0.16284823856670794,0.14845784612065654,0.15337608151361082,0.1015950735063765,0.4180434869673907,0.18998961166115924,0.17359549368464502,0.1905360822603764,0.1551686304122984,0.22063207235006138,0.19189743099076687,0.2346180439305591,0.18324980760414786,0.37614281488655776,0.14864000298706226,0.7316720549930711,0.10997524211367588,0.7267227513516298,0.08089563672368966,0.1357211719859413,0.4594883169883169,0.26111043669967626,0.5586756277444391,0.10619746662122136,0.8389069672242989,0.13807083778289495,0.2036513766415878,0.6021652763753572,0.152929948638992,0.1239728430011731,0.13795894893542096,0.708575304666345,0.929,0.5577123939035005,0.12766517496781454,0.20984471009938202,0.14453489198909308,0.17232039561980503,0.08223830289337745,0.07765086014694415,0.10316151737101227,0.10909162628713336,0.07821030438431406
0.04648271130939449,0.41504252744953557,0.22638264267889702,0.19210015370924682,0.506581930154918,0.5672992684867679,0.4020841959266633,0.07168561360502526,0.052189028810292026,0.7909128860890414,0.07620311495990248,0.5300658606919011,0.5967179223736822,0.505727951201166,0.6316698050559906,0.5095304169996709,0.24785845473459744,0.5044604626016642,0.6072273467419879,0.7543647625467086,0.05777646469658752,0.6888800538291571,0.49076622183409285,0.19525256648806522,0.23229341663918154,0.1761410640164786,0.1605760259210627,0.16589572248531878,0.05397225302932251,0.5345213174616678,0.20549790801922505,0.1877655861383715,0.20608898541525353,0.7028224284236754,0.6122134741424675,0.5324801224704587,0.25376922869488194,0.1982079534682075,0.48094602412161586,0.16077305171973885,0.42510706910824253,0.4981230196041559,0.4222314857771834,0.04297570367863455,0.07210169925613238,0.417544303044303,0.7245334999760799,0.714337244534026,0.48101192351088334,0.48741137461452383,0.07334995620945371,0.22027484291993638,0.3498626386121951,0.692682519627662,0.0658604144895257,0.0732905154021527,0.41168768022996655,0.5655144590615617,0.7131056285951742,0.06782196113045923,0.22697372007492544,0.654657861642612,0.18638640554763844,0.043688993366246744,0.041251920266905086,0.05480442433153673,0.05795478711849057,0.041549124303410165
0.021875163785789912,0.48288624475798003,0.252011630873778,0.21384798964485074,0.5893888691791973,0.6407996631651609,0.45417900502695635,0.033735866401103105,0.024560605887370256,1.248,0.03586184139818755,0.6167115319888291,0.5076563409223278,0.798,0.7349238690427456,0.804,0.2759187394597151,0.796,0.7064859955061902,0.6417740120019109,0.02719010127850101,1.087,0.5709878921849556,0.2173572899877406,0.25859156901669644,0.19608215665897083,0.17875498621595215,0.1846769305445788,0.025399806544114115,0.4547427285042111,0.22876251610213263,0.2090227016733772,0.2294205099164245,1.109,0.21780708909406948,0.1894403674113764,0.2824986776026336,0.22064725905919985,0.4091636762232591,0.17897431748738277,0.49459595739067935,0.786,0.49125032520990813,0.02022473582752699,0.03393167988767668,0.4366095431095431,0.25776716659490667,0.6077206970793605,0.759,0.5670846546407224,0.034519120347397375,0.24521236145942887,0.4070519153271656,1.093,0.030994477589073175,0.03449114699217259,0.4789830072137469,0.605849041479304,0.6066729027740512,0.031917598311491414,0.2526696246880698,1.033,0.20748738277336287,0.02056041609022453,0.019413508526007924,0.02579143351726125,0.0272740213441754,0.0195533753021319
0.07382621898931875,0.6345341265726059,0.22638264267889702,0.19210015370924682,0.7744833392462406,0.18529027237602788,0.131328020887595,0.11385475716255551,0.08288928423608935,0.5777779135912745,0.1210296838162489,0.8103865404033512,0.3402181834839571,0.36944453128672844,0.9657228392871762,0.37222230971745573,0.24785845473459744,0.36851860514315266,0.9283542013481427,0.43010038675732454,0.0917635356235522,0.5032408590334257,0.7503036323445131,0.19525256648806522,0.23229341663918154,0.1761410640164786,0.1605760259210627,0.16589572248531878,0.08572149212570515,0.30475684547376136,0.20549790801922505,0.1877655861383715,0.20608898541525353,0.5134260466127591,0.23240547608796183,0.20213749222599625,0.25376922869488194,0.1982079534682075,0.27421094045507793,0.16077305171973885,0.6499212127827961,0.36388897442527385,0.6455249024370274,0.068256210139741,0.11451560567013255,0.44232984382984375,0.2750438533543829,0.40727873358244604,0.3513889714870011,0.745174603607783,0.11649815119286361,0.22027484291993638,0.5348844254018502,0.5060186374641531,0.10460287805647722,0.11640374426320976,0.6294050978358758,0.6044126247265356,0.40657652886937284,0.1077183067350546,0.22697372007492544,0.4782408531568802,0.18638640554763844,0.06938909329558732,0.06551840917977904,0.0870431891408592,0.0920467564125138,0.06599044382804835
0.02734350767992427,0.27137224329643067,0.21356934029484795,0.18122724698648976,0.33122455099806836,0.15811542505424833,0.1120673286184978,0.042169143557530264,0.030700255425797324,0.4956049080908278,0.044826568856346435,0.34657933150791265,0.45065611711352077,0.3169012152696159,0.41301225942805503,0.3192839311738987,0.23382961713744013,0.31610697663485493,0.39703075318311504,0.5697149055356687,0.033987070926964694,0.43166869799257196,0.3208835763689896,0.18420123257806292,0.21914556327904763,0.16617144492915062,0.1514873910707581,0.15650599175653782,0.03174923909638266,0.4036837044938453,0.1938666857506757,0.17713801679807667,0.1944243080490957,0.44040532297494234,0.33248028791720485,0.2891787781658135,0.23940584012163982,0.18698934407016277,0.36322231936600596,0.15167326517023144,0.27795286351493537,0.31213578346105025,0.2760726863096483,0.025280506461106453,0.042413906414000176,0.6520547715547714,0.39347893643655607,0.5394851350378577,0.3014135618917775,0.3186900362961547,0.0431481949834099,0.20780724321117494,0.22875489330992424,0.4340514138968548,0.038742463566951525,0.04311322886105706,0.26917870322359577,0.6074048779777931,0.5385549882533096,0.03989634560459538,0.21412696259326788,0.4102242548540265,0.1758368981017634,0.025700099929340584,0.024266488912873967,0.03223876480932247,0.03409196929402322,0.024441319524638187
0.07109204704225158,0.866,0.21784044108953096,0.18485154922740876,1.057,0.23161184738249938,0.164159322239728,0.10963811858434196,0.07981945946687583,0.6496797517747167,0.11654732008716948,1.106,0.43106292430419674,0.41542022589441024,1.318,0.41854368623948096,0.23850589633649255,0.4143790724460533,1.267,0.5449453893422508,0.08836505079932039,0.5658668991819849,1.024,0.1878850105480637,0.22352818106575892,0.16949465129159327,0.15451693602085964,0.1596359019994648,0.0825467758495709,0.38613273301965195,0.19774375984019216,0.18068053991150826,0.19831253383781497,0.577319587113911,0.27949909103956366,0.24309773716691382,0.24419363631272054,0.19072888053617768,0.3474304890418758,0.15470652735340057,0.887,0.4091733052042687,0.881,0.06572832482295127,0.11027449240697082,0.45376923076923076,0.33077751997320953,0.5160299197036823,0.3951177336514503,1.017,0.11218361387485735,0.21196310978076208,0.73,0.5689903595270556,0.10072888506753806,0.11209270332876753,0.859,0.7255346651241081,0.5151402129455726,0.10372893308850263,0.21840921508715375,0.537755756076348,0.17935340058372173,0.0668192513760293,0.06309191898634603,0.0838195234948286,0.0886377824375899,0.06354647171679521
0.07382621898931875,0.558710185665293,0.18366925130528397,0.1558551088099668,0.6819361042127189,0.20073079737818503,0.14227178800497264,0.11385475716255551,0.08288928423608935,0.3774809834986601,0.1210296838162489,0.7135490361960901,0.5058744498033493,0.24137005194866248,0.8503233541649609,0.24318486436932912,0.20109305321327,0.24076511447510696,0.8174200984271663,0.639521363270488,0.0917635356235522,0.32878351687743873,0.6606457622647344,0.15841273110838677,0.18846479311482142,0.14290714592421572,0.1302788858257671,0.1345948734543508,0.08572149212570515,0.4531465659745172,0.16672500357825165,0.15233837814963935,0.16720455775920542,0.33543782908654973,0.6385870249884386,0.5554188394010429,0.20588859502280743,0.1608105020131555,0.4077274977259193,0.13043873721941837,0.5722585850867377,0.2377404271073292,0.5683876138234677,0.068256210139741,0.11451560567013255,0.4194498554498554,0.7557456864245959,0.6055875766479722,0.22957377121432934,0.6561296291242527,0.11649815119286361,0.17871385810209528,0.4709681703645079,0.33059832929810534,0.10460287805647722,0.11640374426320976,0.5541940525248114,0.6642554365489376,0.6045434601365103,0.1077183067350546,0.1841488054862377,0.312450205091439,0.1512194183940806,0.06938909329558732,0.06551840917977904,0.0870431891408592,0.0920467564125138,0.06599044382804835
0.31990884706237466,0.4549488973185722,0.2092982395001649,0.17760294474557073,0.5552898203992273,0.18529027237602788,0.131328020887595,0.49336326030335526,0.35918154439995514,0.1335306755676743,0.5244541456956066,0.581031732603165,0.39543778442369226,0.08538259543509943,0.6924049037712219,0.0860245698368671,0.22915333793838769,0.08516860396784355,0.6656123012732459,0.4999084478008494,0.39763606054300277,0.11630436245357528,0.5379534305475958,0.18051745460806215,0.21476294549233632,0.16284823856670794,0.14845784612065654,0.15337608151361082,0.3714542623179491,0.35422084301317325,0.18998961166115924,0.17359549368464502,0.1905360822603764,0.11865826859339006,0.3473145302109746,0.30208104099889976,0.2346180439305591,0.18324980760414786,0.31871714100609255,0.14864000298706226,0.4659811454059741,0.0840986466315641,0.46282907452385924,0.2957725018236533,0.4962268944842205,0.44232984382984375,0.41103474979668,0.47338269342774303,0.08120976182360962,0.5342760145184617,0.5048177970268163,0.2036513766415878,0.38350195732396963,0.11694633685534295,0.45327238177124185,0.5044087064295498,0.4512714812894382,0.5056716472391596,0.472566516370109,0.4667723714810351,0.20984471009938202,0.1105265928376663,0.17232039561980503,0.30068158899085085,0.2839088745029258,0.3771815306796796,0.39886333233480215,0.28595432748925814
0.634349350230615,0.2753636680645386,0.19221145289465005,0.16310371329180487,0.336096301552214,0.25848082374334086,0.18320322262098412,0.9782932434502835,0.7122234392614833,0.16177730243053925,1.0399435639330543,0.3516769248029789,0.4221560052091172,0.10344414049645058,0.4190869682552678,0.1042219159889051,0.2104456116113749,0.10318488199896574,0.4028704011983492,0.5336853523025477,0.7884751514375419,0.14090699338300974,0.3256032287506785,0.16578028704838835,0.19723002868824405,0.14955355864910108,0.13633797572597023,0.14085469394020483,0.7365590920836297,0.37815419248866233,0.1744791517572846,0.15942342437650261,0.174981009336644,0.14375883685534296,0.4443267433701703,0.3864585944601255,0.21546418740496892,0.16828957494518534,0.34025164093737936,0.13650526158575668,0.2820410780291521,0.10188858951154155,0.2801332466106911,0.5864892330137271,0.9839715624421177,0.44232984382984375,0.525845353139103,0.5053673540171063,0.09838859979549623,0.3233774254291406,1.00100651941762,0.1870255912412696,0.23211948924608913,0.14168476887546425,0.8987967775646055,1.0001953309902152,0.2731378647430008,0.4293128592633555,0.5044960309929388,0.9255659956689664,0.19271331047400944,0.13390701395091908,0.15825242335799733,0.5962234941425857,0.5629647686189857,0.7479157300672981,0.7909087167197565,0.56702071075601
0.2515527601764428,0.2594005949294545,0.260553832463144,0.22109659412668878,0.31661250443468053,0.15039317637809874,0.10659403732027753,0.38794453807262147,0.282433917435955,0.15664171877203706,0.41239212090306865,0.33128990530251345,0.4542186311015712,0.10016032979173524,0.3947921294653822,0.10091341497813926,0.28527129785782,0.09990930139626722,0.3795156510111071,0.5742185996898088,0.3126717172525606,0.1364339329368624,0.30672772425838496,0.22472484592774214,0.26735680459011907,0.2027285693838562,0.18481407611615522,0.19093675103043278,0.29208427907955253,0.4068748934944931,0.23651666428116552,0.21610774790024043,0.23719696149386305,0.1391952452870105,0.391345546492529,0.34037755346122567,0.292074269984795,0.22812633199122967,0.3660936541695842,0.18504084185372108,0.2656909095870971,0.09865415941892719,0.26389367682777065,0.23257371561070095,0.3901962891227943,0.4976212261212261,0.46314393667575626,0.5437498576654516,0.09526527608010907,0.3046309527058374,0.39695154227331253,0.25352409459860314,0.21866331905138772,0.13718701812326642,0.35642002337020284,0.3966298635518593,0.25730382337690694,0.3381122247769838,0.5428123579108559,0.3670354211781601,0.2612341296758415,0.12965616625922616,0.21452038773727958,0.23643386026813998,0.22324503268855664,0.29658778117989804,0.3136367534169204,0.2248534262958229
0.2269452126528382,0.2673834444656702,0.264824933257827,0.22472089636760778,0.32635600554297156,0.23933409605864897,0.16963261353794828,0.34999479086869933,0.2548054945130332,0.2619257674768464,0.3720508473413537,0.3414850918926458,0.4417491980184413,0.16748138016548353,0.40694154711980757,0.16874063866296837,0.2899475770568724,0.16706162733298857,0.3911949470415752,0.5584548684959656,0.2820853538344741,0.22813566446100322,0.31616702902176247,0.22840862389774289,0.27173942237683035,0.20605177574629885,0.18784362106625677,0.19406666127335975,0.26351183259434413,0.3957051639628556,0.24039373837068195,0.21965027101367202,0.24108518728258232,0.23275294561844764,0.8505065321564689,0.7397384107544372,0.29686206617587574,0.23186586845724455,0.3560434712615095,0.1880741040368902,0.2738673386155306,0.16496286317051384,0.2720147974298562,0.20982274775959336,0.3520262697543386,0.417544303044303,1.0065451031749828,0.5288225693512817,0.15929619993183208,0.31400573097180895,0.3581207064112562,0.2576799611681903,0.22539251092371737,0.22939492295848807,0.3215540864697503,0.3578304951418792,0.26522214641571673,0.36647779418969595,0.527910806300676,0.3311310583591923,0.26551638216972734,0.21680233798363968,0.21803689021923792,0.21330528299211776,0.20140662094765946,0.26757479036562254,0.28295598764260516,0.20285767729454462
0.06562370314811723,0.24343752179437028,0.252011630873778,0.21384798964485074,0.2971287073171471,0.22389357105649174,0.15868884642057055,0.10120484142791482,0.07367980992844876,0.4391116543650979,0.10758259262901061,0.310902885802048,0.5308120477197024,0.2807781251469136,0.3704972906754966,0.2828892388698227,0.2759187394597151,0.28007442057261056,0.35616090082386503,0.6710472223494689,0.08156808115085672,0.3824634361337031,0.28785221976609143,0.2173572899877406,0.25859156901669644,0.19608215665897083,0.17875498621595215,0.1846769305445788,0.07619734329730236,0.4754848889790522,0.22876251610213263,0.2090227016733772,0.2294205099164245,0.39020418645103655,0.6503604287263391,0.5656589006362723,0.2824986776026336,0.22064725905919985,0.42782684135096755,0.17897431748738277,0.2493407411450421,0.27655589770109534,0.24765410704485014,0.06067255418937181,0.10179226588064733,0.42898368998368985,0.7696791030793028,0.6354406350411297,0.2670558859480043,0.28588447998253413,0.10355453923884485,0.24521236145942887,0.20520714885668626,0.3845745498566122,0.09298089908965972,0.10347062145988306,0.241469782010813,0.33954864152975245,0.6343450477393346,0.09575018579539868,0.2526696246880698,0.36346341262752097,0.20748738277336287,0.061679567536913255,0.05823893859948,0.07737219220276738,0.08181983448774208,0.05865852749428893
0.19413336107877951,0.28733531643151483,0.3545252002265189,0.3008373108971766,0.3507083481156018,0.21617132238034212,0.15321555512235027,0.2993923701547418,0.2179655895488087,0.20029509661040856,0.3182595510268483,0.3669663510083781,0.5165619917675005,0.1280733069672324,0.43730709821794056,0.12903626416247474,0.38815726882938273,0.12775232123548494,0.42038550337035707,0.6530324457329084,0.24130131325904564,0.17445574520473886,0.3397590808612831,0.3057741283067713,0.36378173286950893,0.27584467276110347,0.2514691368012297,0.2598000161799207,0.22541316094569286,0.46272013297646075,0.321818784887954,0.29404918695898385,0.32274443815225307,0.1779865882539608,0.36779873901672805,0.3198974309907669,0.39741380147237276,0.3104023946282663,0.4163415021366542,0.2517776878893293,0.29430303195699037,0.1261473925767477,0.2923122560925688,0.1794864706649074,0.3011301368140148,0.4232633892633892,0.4352771033663429,0.618381744530754,0.12181408519815712,0.3374365090194579,0.3063434367918337,0.3449601164954292,0.24221106350462565,0.1754187023999812,0.27506363692492036,0.30609518441193756,0.2850127445896896,0.33511997152572626,0.6173155691091492,0.2832559654614929,0.35545085349081784,0.1657891304475577,0.2918893293422862,0.18246549922366107,0.1722871516479194,0.22888869426423877,0.24204607039873405,0.1735284135474001
0.782,0.2633920196975623,0.21784044108953096,0.18485154922740876,0.32148425498882605,0.12723437504993404,0.09017979438374246,1.206,0.878,0.16434601100089322,1.282,0.3363874985975796,0.5094369637913998,0.105086632034225,0.40086683829259484,0.1058767570871139,0.23850589633649255,0.10482325701659535,0.38535529902634114,0.6440250574246282,0.972,0.14314432208170746,0.3114473766400737,0.1878850105480637,0.22352818106575892,0.16949465129159327,0.15451693602085964,0.1596359019994648,0.908,0.4563377549751651,0.19774375984019216,0.18068053991150826,0.19831253383781497,0.14604144727563348,0.391345546492529,0.34037755346122567,0.24419363631272054,0.19072888053617768,0.4105988325294977,0.15470652735340057,0.2697791241013138,0.10350638192844717,0.2679542371288134,0.723,1.213,0.4194498554498554,0.46314393667575626,0.6098522992755663,0.09995081919044707,0.3093183418388232,1.234,0.21196310978076208,0.22202791498755253,0.14393444713459638,1.108,1.233,0.26126298489631183,0.33057188177597974,0.6088008297940567,1.141,0.21840921508715375,0.13603319660570726,0.17935340058372173,0.735,0.694,0.922,0.975,0.699
0.15585316561058657,0.24343752179437028,0.328896212031638,0.2790894749615727,0.2971287073171471,0.13896869736955642,0.09849671953546194,0.24035667228435725,0.17498603504615728,0.13609755065582244,0.2555035272541841,0.310902885802048,0.436406061161319,0.08702391460204031,0.3704972906754966,0.08767822974942407,0.3600969841042651,0.0868058095529124,0.35616090082386503,0.5517001289191082,0.1937203030351536,0.11854009420102483,0.28785221976609143,0.28366940480709596,0.33748358049199406,0.25590358011861125,0.23329017650634024,0.24101880812066073,0.18096505674477315,0.3909189484912538,0.2985541768050465,0.2727920714239782,0.2994129136510821,0.12093924974143197,0.42077993589436924,0.36597847198966654,0.3686843525646212,0.28796308903727397,0.35173698015169264,0.23357642212168545,0.2493407411450421,0.0857152843072728,0.24765410704485014,0.14409442293664204,0.24175177734736766,0.39847784847784845,0.4979785198296895,0.522426244527482,0.08277086614404586,0.28588447998253413,0.24593709253639873,0.32002259795593674,0.20520714885668626,0.1191944093484086,0.22082520140221218,0.24573779181311156,0.241469782010813,0.11968562364480405,0.5215255096231243,0.2274021252706896,0.32975494887767354,0.11265125787457098,0.2707883521165618,0.1464860316160884,0.13831470196131337,0.18375526687079388,0.1943182052050152,0.13931120557774937
0.5249788959294229,0.2594005949294545,0.260553832463144,0.22109659412668878,0.31661250443468053,0.1698497473738707,0.12038425377021729,0.8096221847709515,0.5894264330256181,0.344098772977293,0.8606431516387727,0.33128990530251345,0.5878122715285095,0.22002469618259604,0.3947921294653822,0.22167901720652533,0.28527129785782,0.21947325584128627,0.3795156510111071,0.7431063288157111,0.6525313130989758,0.299707825501857,0.30672772425838496,0.22472484592774214,0.26735680459011907,0.2027285693838562,0.18481407611615522,0.19093675103043278,0.609566288368179,0.5265439129894182,0.23651666428116552,0.21610774790024043,0.23719696149386305,0.3057736692562644,0.3972331284185683,0.34549834951920777,0.292074269984795,0.22812633199122967,0.47376819820822075,0.18504084185372108,0.2656909095870971,0.21671605413473746,0.26389367682777065,0.48537051375571966,0.8143214843508825,0.34509323309323303,0.4701116865202762,0.7036761970826325,0.20927160952705562,0.3046309527058374,0.8284193830906751,0.25352409459860314,0.21866331905138772,0.3013621465257863,0.7438319906519191,0.8277480545792565,0.25730382337690694,0.0927564709848606,0.7024629622600762,0.765985831528736,0.2612341296758415,0.28481893628649335,0.21452038773727958,0.4934264558927441,0.46590198692457735,0.6189648875280409,0.654545298633232,0.46925862948167085
0.5577907475034816,0.39907945431445135,0.32035401044227196,0.27184087047973465,0.4870981330373846,0.11580592369124965,0.08207966111986398,0.8602246054849089,0.6262663379898424,0.4776294485449673,0.9144344479532779,0.5096788411914356,0.4987494218272484,0.3054072916176955,0.607374966266105,0.3077035870433924,0.3507444257061602,0.3046418598091298,0.5838725965547458,0.6305139749622077,0.6933153536744041,0.41601218795543227,0.4718907173417993,0.2763018488670944,0.3287183449185715,0.24925716739372597,0.22723108660613717,0.23475898763480677,0.6476649600168303,0.4467641879732215,0.2908000286260136,0.26570702519711503,0.2916364620736436,0.42443193784965444,0.7092256873016634,0.6168576759316846,0.3591087601824598,0.2804840161052442,0.4019848281187626,0.22750989775534716,0.4087569006661875,0.3008147007663015,0.4059919159942629,0.5157067908504055,0.865217617291206,0.28789508389508384,0.8393441033185031,0.5970581313927844,0.2904813713506652,0.46866490189122056,0.8801966527100974,0.31171086481676247,0.3364064684174936,0.4183084833811292,0.7903224401967488,0.8794833653091979,0.39585363886387265,0.058286975323913054,0.5960287208214176,0.8138609244264353,0.32119044388990187,0.3953455291241596,0.26375534715264515,0.5242662396612007,0.4950214562243173,0.6576509836294245,0.6954552158771029,0.4985878932288153
0.13671396198111632,0.40306825314521183,0.405780793189498,0.34433096027829463,0.4919666784924814,0.12723437504993404,0.09017979438374246,0.21084020223686223,0.15349726166166255,0.29274110291006533,0.224126981150628,0.5147730808067025,0.4096878403758941,0.1871854167646091,0.6134456785743525,0.18859282591321516,0.44427522874881503,0.18671628038174037,0.5897084026962857,0.51792322441741,0.16993090926553076,0.25497562408913543,0.4766072646890265,0.3499815196264513,0.4163755919672917,0.31572500357825173,0.2878253667967283,0.2973606856967426,0.15874204281183327,0.3669855990157648,0.3683458375079603,0.33656144117457926,0.36940531738573973,0.26013612430069105,0.26490070404567134,0.23040061235229398,0.4548700275266087,0.35527891901534814,0.3302024802204059,0.2881785267559881,0.41284242556559225,0.18437059846739692,0.410049804874055,0.1263992257191139,0.21206398450523542,0.3336538461538461,0.3135008332137333,0.4904415839381188,0.17803725729866954,0.4733492072155663,0.21573533131035488,0.39483283445244455,0.3397688508037005,0.2563830332377415,0.19370725047963797,0.21556050527201587,0.3998101956717517,0.05230246882139791,0.4895959950002945,0.19947650974482573,0.4068402730672773,0.24230894175168063,0.3340893214597607,0.1284971381791822,0.12132927060728224,0.1611896073485796,0.17045538738054783,0.12220340079897736
0.11210462624825925,0.42302275104840387,0.3844229057893001,0.32620742658360974,0.5163222261641603,0.15811542505424833,0.1120673286184978,0.17288769725754558,0.12586683100507878,0.8319993888392647,0.18378277602336104,0.5402576936022341,0.25115660203260276,0.5319996092097221,0.6438152261914507,0.5359996062714494,0.4208912232227498,0.530666276855813,0.6189028008987617,0.31750963621252676,0.13934232316279793,0.7246661343495838,0.5002024215630088,0.3315605740967767,0.3944600573764881,0.29910711729820216,0.27267595145194046,0.28170938788040967,0.1301675199915849,0.22497825651630465,0.3489583035145692,0.31884684875300523,0.349962018673288,0.7393327902425837,0.15894007040456717,0.13824006123522942,0.43092837480993784,0.3365791498903707,0.20242859255672113,0.27301052317151336,0.433280808521864,0.5239996150862677,0.43034993495801827,0.10364660457479721,0.173891191354397,0.27073539623539616,0.18810008332137337,0.3006621861277804,0.5059996283084951,0.4967830690718553,0.17690167364495127,0.3740511824825392,0.35658961693456676,0.7286661314113111,0.15883877990162562,0.1767583173454011,0.4196033985572505,0.013405429757798897,0.3001438030482497,0.16356953778678235,0.3854266209480189,0.6886661607940388,0.31650484671599466,0.10536688016939966,0.0994892718878413,0.13217450818528775,0.13977239206144854,0.10020605338559233
0.12577727419284762,0.562701610433401,0.3801518049946171,0.32258312434269076,0.6868078547668646,0.15440922237171356,0.10944048665283962,0.19397364792400795,0.14121796258480843,0.2542214752479902,0.20619752623431029,0.7186466294911564,0.2600622528777755,0.16255507792299376,0.8563980629921737,0.1637772965539937,0.4162149440236974,0.16214767171266042,0.8232597464424005,0.3287680699435243,0.1563369699686034,0.22142527531615813,0.6653654146464233,0.32787679612677595,0.3900774395897768,0.2957839109357595,0.2696464065018389,0.27857947763748264,0.1460431777072962,0.23295566098855433,0.34508122942505276,0.3153043256395736,0.34607379288456874,0.22590674362982463,0.2971600767035035,0.2584585944601253,0.4261405786188571,0.3328396134243558,0.2096064184701163,0.26997726098834424,0.5763467996009545,0.16011064066099384,0.5724481741245107,0.116287684451955,0.19509953145258843,0.2059113939113939,0.3516786864724361,0.31132323357917396,0.15461065682149405,0.6608170182572386,0.19847718203832984,0.3698953159129521,0.4743327663006728,0.22264749394715808,0.17821127852388127,0.19831634153424696,0.5581532140442164,0.007420923255283751,0.3107864693833478,0.1835190151586178,0.381144368454133,0.21042530763715855,0.3129883442340363,0.11821777050095011,0.11162330983355016,0.14829494476445715,0.1568194914808522,0.1124275123539648
0.19413336107877951,0.7821932095564712,0.580907842905416,0.4929374646064234,0.9547092638581871,0.13896869736955642,0.09849671953546194,0.2993923701547418,0.2179655895488087,0.4570852804287527,0.3182595510268483,0.9989673092026066,0.45065611711352077,0.29227087642800054,1.1904510972233593,0.2944684018146772,0.6360157235639802,0.291538367965775,1.1443866010485555,0.5697149055356687,0.24130131325904564,0.39811834921959466,0.9249028251568436,0.5010266947948365,0.5960751495086906,0.45198573677758214,0.4120451627222924,0.4256957386652395,0.22541316094569286,0.4036837044938453,0.5273166929071791,0.4818147730973554,0.5288334235675066,0.4061759423040759,0.2441788798258623,0.21237755346122564,0.6511830301672548,0.5086103480964739,0.36322231936600596,0.4125507396090682,0.8011609432755081,0.28787582565464714,0.7957415907843547,0.1794864706649074,0.3011301368140148,0.2097249277249277,0.28897727000908957,0.5394851350378577,0.277986961414602,0.9185802472504979,0.3063434367918337,0.5652349594153656,0.659354553090328,0.4003158746062714,0.27506363692492036,0.30609518441193756,0.7758706316501256,0.005984506502515144,0.5385549882533096,0.2832559654614929,0.5824245735657434,0.3783406207395044,0.47827573488992464,0.18246549922366107,0.1722871516479194,0.22888869426423877,0.24204607039873405,0.1735284135474001
0.16678985339885527,0.5507273361290771,0.371609603405251,0.31533451986085265,0.6721926031044279,0.15440922237171356,0.10944048665283962,0.25722322659721153,0.1872653341230114,0.5572337454750599,0.2734329821705018,0.7033538496059577,0.3081555575915031,0.3563081160970335,0.8381739365105354,0.35898712448874054,0.40686238562559246,0.3554151132997978,0.8057408023966982,0.3895671393700633,0.20731424233208096,0.4853470202975882,0.6512064575013569,0.32050924018677435,0.3813122040163542,0.28913749821087414,0.2635873166016358,0.27231965715162865,0.1936639218493102,0.27603614446793057,0.3373270812460198,0.3082192794127103,0.3382973413071302,0.4951700510671806,0.24723971838173145,0.21503975505908238,0.41656498623669563,0.32536054049232593,0.24836892722287301,0.2639107366220059,0.5640821560583041,0.3509500993136195,0.5602664932213822,0.15420596420380095,0.2587162304000146,0.2802692307692307,0.2925996667145066,0.3688962299341007,0.3388945615509379,0.6467548508582811,0.26319524180842374,0.3615835827737778,0.46423897849217816,0.48802602868929523,0.23632117335796884,0.2629819555508805,0.5462757294860014,0.007420923255283751,0.3682602019514557,0.2433596198568975,0.3725798634663613,0.461235944772225,0.3059553392701196,0.15676539929432048,0.14802066273504544,0.1966499294549163,0.20795410110471083,0.1490870940227619
0.14218230587525066,0.31128123910281486,0.4356808821790619,0.3697030984548175,0.3799356463414264,0.27021514606296326,0.19152014777270365,0.2192734793932894,0.15963691120008963,0.2362460157021296,0.2330917086087869,0.397548557098976,0.3099374487104817,0.15106115427107328,0.4737513546622517,0.15219695242348735,0.4770117926729851,0.15068255488693524,0.4554195495880674,0.39181978810148615,0.17672787891399444,0.20576876527901833,0.3680738901169543,0.3757700210961274,0.44705636213151784,0.33898930258318655,0.3090338720417193,0.3192718039989296,0.1650914753641018,0.2776323069976245,0.3954875196803843,0.3613610798230165,0.39662506767562994,0.20993335850453665,0.25312730030777086,0.22016055111706456,0.48838727262544107,0.38145776107235535,0.2498051057202128,0.30941305470680114,0.31882962942747894,0.1487895579662451,0.31667294647757493,0.1314549963526934,0.22054621103155891,0.13536709086709084,0.29956741655902663,0.3710293503654889,0.14367846628038172,0.36555776000873286,0.22436440594636742,0.42392621956152415,0.2623964255716568,0.20690456343143243,0.2014552364575163,0.22418258714090036,0.3087651089945935,0.005984506502515144,0.37038964458899665,0.2074552570379297,0.4368184301743075,0.19554658190729157,0.35870680116744347,0.13363682201829827,0.1261822509941483,0.16763693864064083,0.17727333533039566,0.12709134502148364
0.13124561808698199,0.42302275104840387,0.3801518049946171,0.32258312434269076,0.5163222261641603,0.15811542505424833,0.1120673286184978,0.2024069250804351,0.1473576121232355,0.2285435569554793,0.21516225369246916,0.5402576936022341,0.384750242459541,0.14613602439941706,0.6438152261914507,0.14723479150016455,0.4162149440236974,0.14576976869916788,0.6189028008987617,0.4863973653384291,0.1631339396170671,0.19905997308542148,0.5002024215630088,0.32787679612677595,0.3900774395897768,0.2957839109357595,0.2696464065018389,0.27857947763748264,0.15239261025956474,0.3446472760112297,0.34508122942505276,0.3153043256395736,0.34607379288456874,0.20308878578816228,0.18837445980640738,0.1638409797636703,0.4261405786188571,0.3328396134243558,0.3101031365953576,0.26997726098834424,0.433280808521864,0.14393849019792207,0.43034993495801827,0.12134345508553447,0.20358175797891193,0.06863632163632163,0.22293466647530658,0.4605885255449613,0.13899403824455833,0.4967830690718553,0.20710625667434238,0.3698953159129521,0.35658961693456676,0.20015874018616897,0.18595926450175962,0.20693842340313143,0.4196033985572505,0.005984506502515144,0.45979440739747,0.1914977624517218,0.381144368454133,0.18917106917869397,0.3129883442340363,0.12335745434006617,0.11647629022041621,0.15474227605651839,0.16363743943070003,0.11731545657647109
0.16678985339885527,0.3432073853729832,0.3545252002265189,0.3008373108971766,0.4189032405764933,0.17757199605002033,0.12585754506843758,0.25722322659721153,0.1872653341230114,0.2157036810681209,0.2734329821705018,0.4383225960999069,0.29390550163930135,0.13792591145221192,0.5223410322420229,0.13896294838042406,0.38815726882938273,0.13758023247614123,0.5021290499625516,0.37155236275350273,0.20731424233208096,0.18787652349442902,0.4058248991015413,0.3057741283067713,0.36378173286950893,0.27584467276110347,0.2514691368012297,0.2598000161799207,0.1936639218493102,0.2632713884653391,0.321818784887954,0.29404918695898385,0.32274443815225307,0.1916789922312068,0.23240547608796183,0.20213749222599625,0.39741380147237276,0.3104023946282663,0.23688358800855971,0.2517776878893293,0.351529966311589,0.1358518375957877,0.3491520860434159,0.15420596420380095,0.2587162304000146,0.04575754775754775,0.2750438533543829,0.351837339423725,0.13118517141883315,0.40305070545533933,0.26319524180842374,0.3449601164954292,0.2893087659610597,0.18891356042264115,0.23632117335796884,0.2629819555508805,0.3404331917267812,0.005984506502515144,0.3512307233212703,0.2433596198568975,0.35545085349081784,0.17854319114051995,0.2918893293422862,0.15676539929432048,0.14802066273504544,0.1966499294549163,0.20795410110471083,0.1490870940227619
0.14491647782231787,0.23545729819550187,0.3246251112369549,0.27546517272065363,0.2873884113079047,0.12723437504993404,0.09017979438374246,0.22349011797150298,0.16270673596930318,0.24395030793098585,0.23757407233786637,0.3007110528917149,0.31349996269853214,0.15598745651356308,0.35835186954003634,0.15716029453246205,0.3554207049052126,0.15559651050726342,0.3444854466670911,0.3963234822556263,0.1801263637382263,0.21247915442386348,0.2784160200371754,0.2799856268370951,0.3331009627052827,0.25258037375616854,0.23026063155623866,0.2378888978777337,0.1682661916402361,0.28082349599827233,0.29467710271553,0.26924954831054654,0.2955246878623628,0.2167795604931597,0.21474625053820032,0.18677816581351964,0.3638965563735404,0.28422355257125903,0.2526764405237911,0.23054315993851626,0.24116700173142053,0.15364178047576513,0.23953565786401518,0.13398288166948313,0.22478732429472068,0.03431816081816082,0.2541447698894896,0.3752940729930828,0.14836400939071975,0.27651278552520253,0.2286789432643737,0.3158667313863495,0.19848017053431452,0.21365199244276245,0.20532922944645549,0.22849362807534263,0.233554063683529,0.010413176506541324,0.374647014246543,0.2114446306844817,0.3254726963837877,0.20192361225377273,0.26727184963460343,0.1362066639378563,0.1286087411875813,0.17086060428667144,0.1806823093053196,0.1295353171327368
0.15585316561058657,0.2554091701613465,0.45276528535779403,0.38420030741849365,0.3117407538805349,0.15440922237171356,0.10944048665283962,0.24035667228435725,0.17498603504615728,0.1797527619763998,0.2555035272541841,0.32619231200744714,0.32240561354370484,0.11493806414837103,0.3887174206381694,0.11580226011941142,0.4957169094691949,0.1146499988246909,0.37367600299587295,0.4075819159866238,0.1937203030351536,0.1565635034201495,0.3020080718766961,0.39050513297613043,0.4645868332783631,0.3522821280329572,0.3211520518421254,0.33179144497063756,0.18096505674477315,0.288800900470522,0.4109958160384501,0.375531172276743,0.41217797083050706,0.15973222198063092,0.21780708909406948,0.1894403674113764,0.5075384573897639,0.396415906936415,0.25985426643718623,0.3215461034394777,0.2616026950728803,0.11320967220629026,0.2598331165267278,0.14409442293664204,0.24175177734736766,0.049571081571081574,0.25776716659490667,0.38595512044447633,0.10932079033660853,0.29994356357285146,0.24593709253639873,0.44054968583987275,0.21529872311522277,0.1574276993911899,0.22082520140221218,0.24573779181311156,0.2533446618575019,0.008976759753772722,0.38528968058164104,0.2274021252706896,0.4539474401498509,0.14878573968078604,0.3727728110952769,0.1464860316160884,0.13831470196131337,0.18375526687079388,0.1943182052050152,0.13931120557774937
0.10390211040705771,0.3631618832761752,0.4228651963682301,0.3588281692419707,0.4432587882481722,0.14668697369556397,0.10396719535461933,0.16023778152290485,0.1166573566974382,0.16177730243053925,0.17033568483612274,0.4638072088954386,0.42750041031614633,0.10344414049645058,0.5527105798591212,0.1042219159889051,0.4629803455450248,0.10318488199896574,0.5313234481650276,0.5404416951881107,0.12914686869010242,0.14090699338300974,0.4294200559755236,0.36471663150645434,0.43390606311413693,0.3290178290280224,0.2999435465971345,0.3098803266684506,0.12064337116318209,0.38294154401900415,0.38385413386602607,0.3507315336283057,0.3849582205406168,0.14375883685534296,0.153054248592706,0.13312079605798213,0.4740212122909316,0.3702370648794078,0.3445591542382975,0.3003115754886647,0.37196834926786077,0.10188858951154155,0.36945221612737916,0.09606294862442803,0.16116785156491176,0.03431816081816082,0.18113441651118659,0.5117651970760885,0.09838859979549623,0.4264845673116283,0.1639580616909325,0.41145630073079315,0.30612953209192595,0.14168476887546425,0.14721680093480813,0.16382519454207436,0.36022639461228,0.008976759753772722,0.5108828432880262,0.15160141684712639,0.4239692830428208,0.13390701395091908,0.34815533138759414,0.0976573544107256,0.09220980130754225,0.12250351124719591,0.1295454701366768,0.09287413705183291
0.1394481339281835,0.11573293671369701,0.3374384136210041,0.2863380794434108,0.1412583303768796,0.17757199605002033,0.12585754506843758,0.2150568408150758,0.1565670864308761,0.279901227022707,0.22860934487970747,0.14780672979832438,0.27253168596090543,0.178975303817404,0.17613858035641186,0.1803209827934747,0.36944954250237,0.17852674415871375,0.16932289932592853,0.3445318011373676,0.1733293940897626,0.24379217449814303,0.13684818382774336,0.2910369607470975,0.34624881606541674,0.2625499928434966,0.23934926640654333,0.24727862860651473,0.16191675908796754,0.24412539052019186,0.3063083249840794,0.2798771176508415,0.3071893652285207,0.24872633074373562,0.08523880942129523,0.0741374922259963,0.3782599449467826,0.29544216196930384,0.21965660137819107,0.23964294648802376,0.11853939360860191,0.17628394586526258,0.11773754878148622,0.12892711103590365,0.21630509776839718,0.02669230769230769,0.10087718668771632,0.32625052189334397,0.17022839047294439,0.13591269819610838,0.22004986862836118,0.32833433109511106,0.09755778729907486,0.24513785347421374,0.19758124346857714,0.21987154620645813,0.11479745108206205,0.010413176506541324,0.32568802099352784,0.20346588339137772,0.3383194538654453,0.23168106371350666,0.27782135708047856,0.13106698009874024,0.12375576080071526,0.16441327299461023,0.17386436135547176,0.12464737291023051
0.1175747583516461,0.24742894656247819,0.3886940065839831,0.32983172882452877,0.30200045787129265,0.2547746210608061,0.18057638065532597,0.18132373218936726,0.13200848827716788,0.17718405340604576,0.192750435047072,0.3160004790971142,0.3170624766865826,0.11329557261059657,0.3765719995027093,0.11414741902120257,0.42556750242180225,0.11301162380706124,0.3620005488390991,0.4008271764097665,0.14614151549590793,0.15432617472145171,0.2925718721477802,0.33524435206677744,0.39884267516319943,0.3024303236606448,0.27570549640204195,0.28483929812333664,0.13651902887889342,0.28401468499892024,0.3528353776040856,0.3223893718664368,0.3538502444620073,0.15744961156034035,0.08241382616530323,0.07168042864660576,0.4357161710010185,0.34031868635638557,0.2555477753273695,0.2760437853546825,0.2534289556592588,0.11159187978938459,0.25171466734589293,0.10870402850158584,0.18237619166310323,0.04194401394401394,0.09753391658294662,0.3795587956206768,0.10775857094165764,0.29057186911551997,0.1855335700843111,0.3782070490521263,0.20857174479285112,0.1551780211320577,0.1665892995570638,0.18538321873092026,0.24542894353021796,0.005984506502515144,0.3789043839040894,0.17155089421896189,0.38970887344190475,0.1466595570259978,0.320021349197953,0.11050824474227607,0.10434383925325114,0.13862394782636536,0.1465925695560805,0.10509559602020539
0.09023125067172182,0.23545729819550187,0.3801518049946171,0.32258312434269076,0.2873884113079047,0.18127422638241303,0.12848157155503287,0.13915458863183697,0.10130823285137053,0.19002392929340417,0.14792386619072553,0.3007110528917149,0.3188430995556545,0.12150568555780171,0.35835186954003634,0.12241926214094306,0.4162149440236974,0.12120116003008792,0.3444854466670911,0.40307822183248376,0.11215444456894322,0.16550962431244415,0.2784160200371754,0.32787679612677595,0.3900774395897768,0.2957839109357595,0.2696464065018389,0.27857947763748264,0.10476978978251075,0.2856097114698742,0.34508122942505276,0.3153043256395736,0.34607379288456874,0.16885940511729583,0.14410582811079756,0.1253377984021433,0.4261405786188571,0.3328396134243558,0.256982931633608,0.26997726098834424,0.24116700173142053,0.11967853239151897,0.23953565786401518,0.08342352204047937,0.13996228524910304,0.005719086219086225,0.17054426996124963,0.3816903978168826,0.11556743776738282,0.27651278552520253,0.14238537510090118,0.3698953159129521,0.19848017053431452,0.16642320089558552,0.12784683599011226,0.14226998986986317,0.233554063683529,0.008976759753772722,0.38103231092409484,0.13165454861436648,0.381144368454133,0.15728743506417187,0.3129883442340363,0.08480814481293546,0.08007735034037715,0.10638518301704286,0.11250060026205724,0.0806542764955672
0.09843376651292335,0.2913267411996227,0.3118094254261231,0.2645902435078068,0.3555800986697473,0.1930125210521775,0.13680131218581526,0.1518045043664777,0.11051770715901112,0.154073010201683,0.16137095737796384,0.37206394430344425,0.23868716894947287,0.09851783825396078,0.4433818070451533,0.09925857387993041,0.34138925777725226,0.09827092637863757,0.42622515138559114,0.3017459050186835,0.12234989904163873,0.1341966042381646,0.3444787332429719,0.2689322372474221,0.31995066368790176,0.2426089002010044,0.2211703061116539,0.2284974205472547,0.11429393861091355,0.21380852698466712,0.2830437169011718,0.25862000211583575,0.28385784072734965,0.13691263486671992,0.0970122131591957,0.0843775534612257,0.34953049603903097,0.27300285637831145,0.19237840964864636,0.22144168072037984,0.29839124647120707,0.09703636700202152,0.29637281639361157,0.09100717799084856,0.15268562503858826,0.022878773878773868,0.11481060334242299,0.28573489781361044,0.09370305668515819,0.3421238981524437,0.15532898705491996,0.3033968125556185,0.2455756594407905,0.13493733986413425,0.13946881495692975,0.1552031126731899,0.28897190610909457,0.007420923255283751,0.2852422514380697,0.14362266955402242,0.31262354925230096,0.12752998360443793,0.2567203798547541,0.09251767057160953,0.0873568209206762,0.11605617995513469,0.12272752218682897,0.08798619282932661
0.08476290677758747,0.31926146270168315,0.294725022247391,0.25009303454413073,0.38967594235066866,0.1930125210521775,0.13680131218581526,0.13072131147540983,0.09516858331294348,0.1720484697475436,0.13895913873256666,0.407740390009309,0.18703135024769482,0.11001176190588126,0.4858967757977118,0.11083891801043676,0.32268414098104253,0.10973604320436275,0.46709500374484125,0.23644314143800432,0.10535747492047956,0.1498531142753044,0.37751008984587014,0.254197125367419,0.30242019254105657,0.22931607475123372,0.20905212631124773,0.21597777957554673,0.09842035723024223,0.16753685450464306,0.267535420543106,0.2444499096621093,0.2683049375724726,0.1528860199920079,0.03225937265783223,0.02805798210783143,0.3303793112747081,0.2580447105142518,0.15074456609231132,0.20930863198770325,0.32700336884110043,0.10835744969677026,0.32479139565840975,0.07836775140689992,0.13148005872277954,0.003812319312319315,0.03817785325870292,0.22389717883108978,0.10463524722627052,0.37492945446606435,0.13375630046488865,0.2867733462772699,0.2691234038940285,0.1506802703798599,0.12009885001223392,0.1336479080009787,0.3166808273218774,0.007420923255283751,0.2235111492124155,0.12367580132126253,0.2954945392767575,0.1424087093343049,0.24265436992692066,0.07966846097381942,0.07522436995351112,0.09993785172498164,0.10568265231220943,0.07576633227306091
0.03554602352112579,0.22747444865928615,0.2819117198633419,0.23922012782137367,0.2776449101996137,0.21987752506287692,0.15584239708800848,0.05481905929217098,0.03990972973343791,0.1797527619763998,0.05827366004358474,0.29051586630158255,0.17099940317651446,0.11493806414837103,0.34620245188561105,0.11580226011941142,0.3086553033838852,0.1146499988246909,0.332806150636623,0.21617571609002087,0.044182525399660194,0.1565635034201495,0.26897671527379796,0.24314579145741674,0.28927233918092266,0.2193464556639057,0.1999634914609431,0.20658804884676576,0.04127338792478545,0.15317593597235765,0.2559041982745566,0.23382234032181445,0.25664026020631475,0.15973222198063092,0.05298119687764115,0.04608104099889966,0.31601592270146595,0.2468261011162071,0.1378230483806582,0.2002088454381958,0.2329905727029871,0.11320967220629026,0.23141453726192968,0.032864162411475634,0.05513724620348541,0.011439386939386934,0.06270141646334654,0.20470516788932586,0.10932079033660853,0.2671380072592309,0.05609180693742868,0.27430574656850853,0.19175097866198484,0.1574276993911899,0.05036444253376903,0.056046351664383764,0.22563574064471917,0.008976759753772722,0.2043522279446891,0.051864466544251316,0.2826477817951,0.14878573968078604,0.23210486248104564,0.03340962568801465,0.031545959493173015,0.0419097617474143,0.04431889121879495,0.03177323585839761
0.010938475997521206,0.1396762334476495,0.2819117198633419,0.23922012782137367,0.17048242350365536,0.2547746210608061,0.18057638065532597,0.016869312088248815,0.012281306810516136,0.18745705420525596,0.017932386481869803,0.17838558220912284,0.23334403209235058,0.11986436639086079,0.21257884028175758,0.12076560222838606,0.3086553033838852,0.11956395444501904,0.2043531036699445,0.2949911654418261,0.013596161981573672,0.16327389256499455,0.1651598880489528,0.24314579145741674,0.28927233918092266,0.2193464556639057,0.1999634914609431,0.20658804884676576,0.012700941439577052,0.20902231151306533,0.2559041982745566,0.23382234032181445,0.25664026020631475,0.1665784239692539,0.02637355084597107,0.022938716930584125,0.31601592270146595,0.2468261011162071,0.1880719185388295,0.2002088454381958,0.14306330146427843,0.11806189471581024,0.1420955677452416,0.01011319456036807,0.016967226835029697,0.007625853125853115,0.031212186448516154,0.2793385729898108,0.11400633344694654,0.16403086537674313,0.017260971075372337,0.27430574656850853,0.11774093581614797,0.16417512840251983,0.015498505633316492,0.01724698325440364,0.13854721077543988,0.005984506502515144,0.278856954760518,0.015960103725283496,0.2826477817951,0.15516277002726714,0.23210486248104564,0.010281048411992438,0.009707547752275851,0.012896770933138813,0.013638125444479763,0.009777486857119337
0.032811851574058616,0.2753636680645386,0.1665848481265519,0.14135789984629074,0.336096301552214,0.2662030724194904,0.1886765139192044,0.050602420713957395,0.036839904964224374,0.17461717831789758,0.0537912963145053,0.3516769248029789,0.11221855649863556,0.11165425344365566,0.4190869682552678,0.11249375910864555,0.18238793641706028,0.11137441822199236,0.4028704011983492,0.14186556420106147,0.04078404057542835,0.15209044297400212,0.3256032287506785,0.14367761922838374,0.1709343219679762,0.12961432047444507,0.11816070602536098,0.12207523248264288,0.038098671648651175,0.10052188549103784,0.1512167072201859,0.1381682856959129,0.15165165460432833,0.1551686304122984,0.10007305171506485,0.08703975505908246,0.18673741025848462,0.1458523561490959,0.09044653521716654,0.11830568848674179,0.2820410780291521,0.10997524211367588,0.2801332466106911,0.030336277094685903,0.050896132940323656,0.005719086219086225,0.11843300004784005,0.13433800365161738,0.10619746662122136,0.3233774254291406,0.05177726961942241,0.16209039182374674,0.23211948924608913,0.152929948638992,0.04649044954482985,0.051735310729941524,0.2731378647430008,0.013405429757798897,0.13410638640394218,0.04787509289769933,0.1670197955106943,0.14453489198909308,0.13715340846624724,0.030839783768456624,0.029119469299739995,0.03868609610138368,0.04090991724387103,0.029329263747144462
0.06288953120105006,0.5227926146270168,0.333167312826321,0.2827137772024917,0.6380967594235065,0.2779373947391128,0.19699343907092381,0.09698820284970124,0.07060998515923522,0.3312588970899346,0.10310022889993117,0.667677403900093,0.1905938642357453,0.2118145832353909,0.7956589677579771,0.2134071740867848,0.3647732633033175,0.2112837196182596,0.7648709500374482,0.24094683559214447,0.07816959632662487,0.2885243759108645,0.6181751008984586,0.2873531827770967,0.34186619827870535,0.25922678648105396,0.23631972145644176,0.2441487183635877,0.0730226270211681,0.17072804350529092,0.3024312508945629,0.27633459453740983,0.30330113943980136,0.2943638756993089,0.0,0.0,0.3734721487557019,0.29170262550328885,0.15361590089588964,0.23660968430485457,0.535470033688411,0.20862940153260306,0.531847913956584,0.05814466887258208,0.09755115261748558,0.0,0.0,0.2281619014586837,0.20146274270133044,0.6139492945446605,0.09924000192083858,0.32417846452552385,0.44069123403894017,0.29011696676225845,0.08910690610072054,0.09915958052544083,0.5185668082732187,0.008976759753772722,0.22776851886996183,0.0917608121488467,0.3340372013715594,0.27419105824831924,0.27430485459852016,0.05910972561735523,0.055812448406046974,0.07414852655673677,0.07841086051281816,0.05621455538303579
0.032811851574058616,0.3591704585080673,0.23492484426826313,0.19934875819108488,0.4383870376940267,0.26249686973695574,0.18604967195354624,0.050602420713957395,0.036839904964224374,0.18745705420525596,0.0537912963145053,0.4587096156003724,0.08906284970126106,0.11986436639086079,0.5466358710319085,0.12076560222838606,0.25721101313270234,0.11956395444501904,0.5254838001497936,0.11259235385350343,0.04078404057542835,0.16327389256499455,0.42470040359383476,0.2026201224280668,0.2410586522126042,0.182787476741364,0.1666351158212658,0.17215554297117278,0.038098671648651175,0.0797797250161967,0.21325205619825796,0.19485063236523475,0.2138654369926921,0.1665784239692539,0.047093614951601845,0.04096024494091757,0.26334482107704343,0.20568702640023734,0.07178337008945809,0.1668395760860772,0.367880134753644,0.11806189471581024,0.36539165582633637,0.030336277094685903,0.050896132940323656,0.0,0.055733666618826644,0.10661806568984812,0.11400633344694654,0.4217971781786425,0.05177726961942241,0.2285865760591107,0.3027649361557611,0.16417512840251983,0.04649044954482985,0.051735310729941524,0.35626723309287506,0.008976759753772722,0.10643424143865873,0.04787509289769933,0.2355382250626972,0.15516277002726714,0.19341941051155517,0.030839783768456624,0.029119469299739995,0.03868609610138368,0.04090991724387103,0.029329263747144462
